condition,seed,round,is_attacker,client_id,prior_weight,defended_weight,update_norm,norm_ratio_to_median,clip_factor,clipped,cosine_to_median,flag_low_cosine,flag_high_norm,flagged
clean,42,1,False,client_00,0.2115538362346873,0.2115538362346873,3.2143568999755643,1.0168053580778555,0.8098042877627524,True,0.7237405603026329,False,False,False
clean,42,1,False,client_01,0.2411089619600258,0.2411089619600258,3.299014083587721,1.0435851714511857,0.7890236094928106,True,0.716562515648288,False,False,False
clean,42,1,False,client_02,0.2135783365570599,0.2135783365570599,3.161231276408601,1.0,0.8234133387915882,True,0.6835315439787953,False,False,False
clean,42,1,False,client_03,0.1798323662153449,0.1798323662153449,2.814323823894068,0.8902619194288605,0.9249113331948888,True,0.7487104578216223,False,False,False
clean,42,1,False,client_04,0.153926499032882,0.153926499032882,2.6385744424971294,0.8346666889537896,0.986517552082608,True,0.6777850347761791,False,False,False
clean,42,2,False,client_00,0.2115538362346873,0.2115538362346873,2.5984089165963797,1.0222185702352948,1.0,False,0.6828525364223627,False,False,False
clean,42,2,False,client_01,0.2411089619600258,0.2411089619600258,2.645388656075289,1.0407004811514038,0.9839763975785032,True,0.637328600255451,False,False,False
clean,42,2,False,client_02,0.2135783365570599,0.2135783365570599,2.541930847527331,1.0,1.0,False,0.6350204765605889,False,False,False
clean,42,2,False,client_03,0.1798323662153449,0.1798323662153449,2.3905326886178004,0.9404397019467294,1.0,False,0.7075763187162385,False,False,False
clean,42,2,False,client_04,0.153926499032882,0.153926499032882,2.357050113710548,0.9272675989605988,1.0,False,0.6103229291867475,False,False,False
clean,42,3,False,client_00,0.2115538362346873,0.2115538362346873,2.1417145748642903,1.0,1.0,False,0.6243966536283265,False,False,False
clean,42,3,False,client_01,0.2411089619600258,0.2411089619600258,2.207625757063458,1.030774960852729,1.0,False,0.5445595700310221,False,False,False
clean,42,3,False,client_02,0.2135783365570599,0.2135783365570599,2.1849381898019025,1.0201817811975955,1.0,False,0.5736761633923465,False,False,False
clean,42,3,False,client_03,0.1798323662153449,0.1798323662153449,2.0321002202146405,0.9488193450536724,1.0,False,0.6479432940076588,False,False,False
clean,42,3,False,client_04,0.153926499032882,0.153926499032882,2.074449591674506,0.9685929283111656,1.0,False,0.5459512370954251,False,False,False
clean,42,4,False,client_00,0.2115538362346873,0.2115538362346873,1.8192774953217703,0.956896577800416,1.0,False,0.584741241708638,False,False,False
clean,42,4,False,client_01,0.2411089619600258,0.2411089619600258,1.9430335533536331,1.021989313085318,1.0,False,0.5084197784027062,False,False,False
clean,42,4,False,client_02,0.2135783365570599,0.2135783365570599,1.9132862090032536,1.006342919348944,1.0,False,0.5196598267278673,False,False,False
clean,42,4,False,client_03,0.1798323662153449,0.1798323662153449,1.901226880237861,1.0,1.0,False,0.6301119771628672,False,False,False
clean,42,4,False,client_04,0.153926499032882,0.153926499032882,1.850952204227713,0.9735567193306998,1.0,False,0.509313648041129,False,False,False
clean,42,5,False,client_00,0.2115538362346873,0.2115538362346873,1.6221998147827448,0.9271487983113,1.0,False,0.5594551236649461,False,False,False
clean,42,5,False,client_01,0.2411089619600258,0.2411089619600258,1.7516569741461374,1.0011384811128845,1.0,False,0.4662084152186377,False,False,False
clean,42,5,False,client_02,0.2135783365570599,0.2135783365570599,1.7496650135743086,1.0,1.0,False,0.4896463443648716,False,False,False
clean,42,5,False,client_03,0.1798323662153449,0.1798323662153449,1.7824082382660338,1.018713996357986,1.0,False,0.6184621119609033,False,False,False
clean,42,5,False,client_04,0.153926499032882,0.153926499032882,1.7222430105771576,0.9843272839175472,1.0,False,0.4701728475700938,False,False,False
clean,42,6,False,client_00,0.2115538362346873,0.2115538362346873,1.55304491392794,0.9478164587330566,1.0,False,0.5346310711665672,False,False,False
clean,42,6,False,client_01,0.2411089619600258,0.2411089619600258,1.632782390153742,0.9964798886614956,1.0,False,0.4738980793866637,False,False,False
clean,42,6,False,client_02,0.2135783365570599,0.2135783365570599,1.6385502695362455,1.0,1.0,False,0.4669212579984312,False,False,False
clean,42,6,False,client_03,0.1798323662153449,0.1798323662153449,1.6921646362166092,1.0327206114314318,1.0,False,0.6377005620990324,False,False,False
clean,42,6,False,client_04,0.153926499032882,0.153926499032882,1.6420524845669449,1.0021373863810052,1.0,False,0.4580115662001554,False,False,False
clean,42,7,False,client_00,0.2115538362346873,0.2115538362346873,1.486044596643303,0.9432323125349568,1.0,False,0.5460205252244456,False,False,False
clean,42,7,False,client_01,0.2411089619600258,0.2411089619600258,1.5668001095637225,0.9944899998035154,1.0,False,0.4526871609104471,False,False,False
clean,42,7,False,client_02,0.2135783365570599,0.2135783365570599,1.6165998754614168,1.0260992452174718,1.0,False,0.4790739101840752,False,False,False
clean,42,7,False,client_03,0.1798323662153449,0.1798323662153449,1.6141764709714188,1.0245610454713323,1.0,False,0.6304479826289883,False,False,False
clean,42,7,False,client_04,0.153926499032882,0.153926499032882,1.5754810102397008,1.0,1.0,False,0.4436955560842133,False,False,False
clean,42,8,False,client_00,0.2115538362346873,0.2115538362346873,1.4479680697601582,0.951725184247519,1.0,False,0.5321887269657457,False,False,False
clean,42,8,False,client_01,0.2411089619600258,0.2411089619600258,1.4972835775452131,0.9841394423469848,1.0,False,0.4207112282994706,False,False,False
clean,42,8,False,client_02,0.2135783365570599,0.2135783365570599,1.52141405284446,1.0,1.0,False,0.4360331318405557,False,False,False
clean,42,8,False,client_03,0.1798323662153449,0.1798323662153449,1.5730563616292386,1.0339436254635792,1.0,False,0.6165947880695436,False,False,False
clean,42,8,False,client_04,0.153926499032882,0.153926499032882,1.545687880946098,1.0159547810513878,1.0,False,0.4566614368855028,False,False,False
clean,42,9,False,client_00,0.2115538362346873,0.2115538362346873,1.3998125486953832,0.9380007472831584,1.0,False,0.5128392798205579,False,False,False
clean,42,9,False,client_01,0.2411089619600258,0.2411089619600258,1.5023233995539425,1.006692269444163,1.0,False,0.4649625299360904,False,False,False
clean,42,9,False,client_02,0.2135783365570599,0.2135783365570599,1.492336283046495,1.0,1.0,False,0.4414825924544666,False,False,False
clean,42,9,False,client_03,0.1798323662153449,0.1798323662153449,1.579107632120404,1.0581446354013264,1.0,False,0.6487564870120867,False,False,False
clean,42,9,False,client_04,0.153926499032882,0.153926499032882,1.4787604407864443,0.9909029604022382,1.0,False,0.4311435126977312,False,False,False
clean,42,10,False,client_00,0.2115538362346873,0.2115538362346873,1.4078601110561226,0.9803603414514832,1.0,False,0.5335449856484827,False,False,False
clean,42,10,False,client_01,0.2411089619600258,0.2411089619600258,1.4218701024931708,0.990116168668332,1.0,False,0.4125762615073856,False,False,False
clean,42,10,False,client_02,0.2135783365570599,0.2135783365570599,1.477392355355454,1.0287789692880545,1.0,False,0.428381853520185,False,False,False
clean,42,10,False,client_03,0.1798323662153449,0.1798323662153449,1.5610979926311443,1.087067208649741,1.0,False,0.6181456625226723,False,False,False
clean,42,10,False,client_04,0.153926499032882,0.153926499032882,1.4360639160206137,1.0,1.0,False,0.4415101871737715,False,False,False
clean,42,11,False,client_00,0.2115538362346873,0.2115538362346873,1.359435390191626,0.9445281399551784,1.0,False,0.5212343245492544,False,False,False
clean,42,11,False,client_01,0.2411089619600258,0.2411089619600258,1.4855201126199613,1.0321311030759293,1.0,False,0.4777359046184772,False,False,False
clean,42,11,False,client_02,0.2135783365570599,0.2135783365570599,1.439274631093719,1.0,1.0,False,0.4359612839246394,False,False,False
clean,42,11,False,client_03,0.1798323662153449,0.1798323662153449,1.5838737774662122,1.1004666817913762,1.0,False,0.6614016877312554,False,False,False
clean,42,11,False,client_04,0.153926499032882,0.153926499032882,1.425242646865608,0.9902506554864736,1.0,False,0.4422856412625873,False,False,False
clean,42,12,False,client_00,0.2115538362346873,0.2115538362346873,1.3325997356982104,0.9401474065791786,1.0,False,0.5060052874619627,False,False,False
clean,42,12,False,client_01,0.2411089619600258,0.2411089619600258,1.4174370171875592,1.0,1.0,False,0.4755258749593963,False,False,False
clean,42,12,False,client_02,0.2135783365570599,0.2135783365570599,1.4357924325973397,1.01294972205975,1.0,False,0.4356870640786656,False,False,False
clean,42,12,False,client_03,0.1798323662153449,0.1798323662153449,1.544087200745615,1.089351542271241,1.0,False,0.6722744522312409,False,False,False
clean,42,12,False,client_04,0.153926499032882,0.153926499032882,1.3894886792718737,0.980282483400116,1.0,False,0.4085528370798535,False,False,False
clean,42,13,False,client_00,0.2115538362346873,0.2115538362346873,1.3135957114107224,0.9285949395940368,1.0,False,0.5160982833826756,False,False,False
clean,42,13,False,client_01,0.2411089619600258,0.2411089619600258,1.4146057181670624,1.0,1.0,False,0.4314828231293342,False,False,False
clean,42,13,False,client_02,0.2135783365570599,0.2135783365570599,1.4224052516668964,1.0055135741356538,1.0,False,0.4170538361651656,False,False,False
clean,42,13,False,client_03,0.1798323662153449,0.1798323662153449,1.580206383131734,1.117064891536876,1.0,False,0.679634846212019,False,False,False
clean,42,13,False,client_04,0.153926499032882,0.153926499032882,1.39914569229651,0.9890711413986192,1.0,False,0.4279983755980707,False,False,False
clean,42,14,False,client_00,0.2115538362346873,0.2115538362346873,1.3409118603289925,0.9732180995053918,1.0,False,0.5446434668583751,False,False,False
clean,42,14,False,client_01,0.2411089619600258,0.2411089619600258,1.3778122920345086,1.0,1.0,False,0.4452059029200502,False,False,False
clean,42,14,False,client_02,0.2135783365570599,0.2135783365570599,1.4208789754276494,1.0312572936401574,1.0,False,0.361181038870869,False,False,False
clean,42,14,False,client_03,0.1798323662153449,0.1798323662153449,1.5748033764725975,1.142973818405414,1.0,False,0.7396527107656201,False,False,False
clean,42,14,False,client_04,0.153926499032882,0.153926499032882,1.3748744858110873,0.9978677747031248,1.0,False,0.3999607857099014,False,False,False
clean,42,15,False,client_00,0.2115538362346873,0.2115538362346873,1.353434040271764,0.97767436947313,1.0,False,0.5667135344209135,False,False,False
clean,42,15,False,client_01,0.2411089619600258,0.2411089619600258,1.380234131200173,0.9970338367398124,1.0,False,0.4201634339312602,False,False,False
clean,42,15,False,client_02,0.2135783365570599,0.2135783365570599,1.463788351977835,1.057390542486046,1.0,False,0.4212644523482993,False,False,False
clean,42,15,False,client_03,0.1798323662153449,0.1798323662153449,1.4928059018523714,1.0783518261046745,1.0,False,0.6827389572754018,False,False,False
clean,42,15,False,client_04,0.153926499032882,0.153926499032882,1.3843403105689795,1.0,1.0,False,0.4083949330613481,False,False,False
clean,42,16,False,client_00,0.2115538362346873,0.2115538362346873,1.4030785805330208,1.009489767104455,1.0,False,0.6336185627334181,False,False,False
clean,42,16,False,client_01,0.2411089619600258,0.2411089619600258,1.3610116788047724,0.979223389000156,1.0,False,0.4358999894904182,False,False,False
clean,42,16,False,client_02,0.2135783365570599,0.2135783365570599,1.38988885896041,1.0,1.0,False,0.3646515799201469,False,False,False
clean,42,16,False,client_03,0.1798323662153449,0.1798323662153449,1.5471367116106889,1.1131369977077843,1.0,False,0.6482718310017818,False,False,False
clean,42,16,False,client_04,0.153926499032882,0.153926499032882,1.3651056675891038,0.982168940191489,1.0,False,0.4162226790663987,False,False,False
clean,42,17,False,client_00,0.2115538362346873,0.2115538362346873,1.3307701967616823,0.9946918314857804,1.0,False,0.5834334273080813,False,False,False
clean,42,17,False,client_01,0.2411089619600258,0.2411089619600258,1.337871845970524,1.0,1.0,False,0.4413965479576679,False,False,False
clean,42,17,False,client_02,0.2135783365570599,0.2135783365570599,1.3435208110812558,1.0042223514365338,1.0,False,0.3908897678086108,False,False,False
clean,42,17,False,client_03,0.1798323662153449,0.1798323662153449,1.51059312052136,1.1291015092895835,1.0,False,0.6824653674461113,False,False,False
clean,42,17,False,client_04,0.153926499032882,0.153926499032882,1.3183175254459445,0.9853840107455176,1.0,False,0.3813534944829621,False,False,False
clean,42,18,False,client_00,0.2115538362346873,0.2115538362346873,1.3898203364073776,1.006544405140015,1.0,False,0.6561883635461151,False,False,False
clean,42,18,False,client_01,0.2411089619600258,0.2411089619600258,1.31856050834216,0.9549361653039992,1.0,False,0.4251622883443977,False,False,False
clean,42,18,False,client_02,0.2135783365570599,0.2135783365570599,1.38078392697841,1.0,1.0,False,0.3280176908037563,False,False,False
clean,42,18,False,client_03,0.1798323662153449,0.1798323662153449,1.5118612131183131,1.0949296146767449,1.0,False,0.716927128140641,False,False,False
clean,42,18,False,client_04,0.153926499032882,0.153926499032882,1.326028714792626,0.9603448366424674,1.0,False,0.4140134792669808,False,False,False
clean,42,19,False,client_00,0.2115538362346873,0.2115538362346873,1.2318304311157038,0.926458895273716,1.0,False,0.5441697048136553,False,False,False
clean,42,19,False,client_01,0.2411089619600258,0.2411089619600258,1.3161338438943022,0.9898634391929012,1.0,False,0.3666538514298633,False,False,False
clean,42,19,False,client_02,0.2135783365570599,0.2135783365570599,1.3697974708572414,1.030223819401592,1.0,False,0.3404890861078412,False,False,False
clean,42,19,False,client_03,0.1798323662153449,0.1798323662153449,1.510601482147632,1.1361224280534756,1.0,False,0.7127265169781076,False,False,False
clean,42,19,False,client_04,0.153926499032882,0.153926499032882,1.3296115320386317,1.0,1.0,False,0.3911725260508563,False,False,False
clean,42,20,False,client_00,0.2115538362346873,0.2115538362346873,1.2253582455049847,0.9334401292655846,1.0,False,0.5333243869960991,False,False,False
clean,42,20,False,client_01,0.2411089619600258,0.2411089619600258,1.2864957947100233,0.9800128291615352,1.0,False,0.4265110060163901,False,False,False
clean,42,20,False,client_02,0.2135783365570599,0.2135783365570599,1.3208815043768174,1.006206802551769,1.0,False,0.3635143623801594,False,False,False
clean,42,20,False,client_03,0.1798323662153449,0.1798323662153449,1.512696405751506,1.152325480082247,1.0,False,0.6983040494877802,False,False,False
clean,42,20,False,client_04,0.153926499032882,0.153926499032882,1.3127336259574318,1.0,1.0,False,0.3825096318104771,False,False,False
clean,123,1,False,client_00,0.2006318504190844,0.2006318504190844,2.971202971004138,1.0,0.8760761299051539,True,0.6377007167366038,False,False,False
clean,123,1,False,client_01,0.2094132817537073,0.2094132817537073,3.0473488171639054,1.0256279516757596,0.8541851150543869,True,0.6412263057526997,False,False,False
clean,123,1,False,client_02,0.2319922630560928,0.2319922630560928,3.254838413513951,1.0954614832032012,0.799732481094132,True,0.7575966369188655,False,False,False
clean,123,1,False,client_03,0.1636105738233398,0.1636105738233398,2.642714961325106,0.8894427567269101,0.984971908848924,True,0.6633153557016415,False,False,False
clean,123,1,False,client_04,0.1943520309477756,0.1943520309477756,2.8245790811997624,0.950651675016728,0.9215532386136468,True,0.7675902152667905,False,False,False
clean,123,2,False,client_00,0.2006318504190844,0.2006318504190844,2.559546842085952,1.0402935581974848,1.0,False,0.574803745783131,False,False,False
clean,123,2,False,client_01,0.2094132817537073,0.2094132817537073,2.460408239498162,1.0,1.0,False,0.6466605843487423,False,False,False
clean,123,2,False,client_02,0.2319922630560928,0.2319922630560928,2.5182808721823524,1.023521557014455,1.0,False,0.6751030324474689,False,False,False
clean,123,2,False,client_03,0.1636105738233398,0.1636105738233398,2.074392771555237,0.8431091793036516,1.0,False,0.6111547545646245,False,False,False
clean,123,2,False,client_04,0.1943520309477756,0.1943520309477756,2.454394502548072,0.997555797101656,1.0,False,0.7168035638836872,False,False,False
clean,123,3,False,client_00,0.2006318504190844,0.2006318504190844,2.1823359662132265,1.009373880251818,1.0,False,0.4886946692895181,False,False,False
clean,123,3,False,client_01,0.2094132817537073,0.2094132817537073,2.1691106610009943,1.0032569129991775,1.0,False,0.5980881489690572,False,False,False
clean,123,3,False,client_02,0.2319922630560928,0.2319922630560928,2.162068990401038,1.0,1.0,False,0.6553536949551175,False,False,False
clean,123,3,False,client_03,0.1636105738233398,0.1636105738233398,1.9518249304861532,0.9027579319400502,1.0,False,0.5743036169693478,False,False,False
clean,123,3,False,client_04,0.1943520309477756,0.1943520309477756,2.0079794192796467,0.9287305022154684,1.0,False,0.6691203143853758,False,False,False
clean,123,4,False,client_00,0.2006318504190844,0.2006318504190844,2.0311484419540493,1.0963481499845855,1.0,False,0.3953921654911597,False,False,False
clean,123,4,False,client_01,0.2094132817537073,0.2094132817537073,1.852649126085183,1.0,1.0,False,0.5871614666284305,False,False,False
clean,123,4,False,client_02,0.2319922630560928,0.2319922630560928,1.978450618499155,1.0679035715088707,1.0,False,0.6290831726754026,False,False,False
clean,123,4,False,client_03,0.1636105738233398,0.1636105738233398,1.790640270609944,0.966529627978575,1.0,False,0.5450755236441917,False,False,False
clean,123,4,False,client_04,0.1943520309477756,0.1943520309477756,1.7410079307840531,0.9397396982897468,1.0,False,0.6027915575244042,False,False,False
clean,123,5,False,client_00,0.2006318504190844,0.2006318504190844,1.973719727192204,1.1649182863397256,1.0,False,0.3430377009575612,False,False,False
clean,123,5,False,client_01,0.2094132817537073,0.2094132817537073,1.6522563694168848,0.9751859050388768,1.0,False,0.5800912682673447,False,False,False
clean,123,5,False,client_02,0.2319922630560928,0.2319922630560928,1.878479125127029,1.1087058882878706,1.0,False,0.5957010101219039,False,False,False
clean,123,5,False,client_03,0.1636105738233398,0.1636105738233398,1.694298862277973,1.0,1.0,False,0.5416449928660191,False,False,False
clean,123,5,False,client_04,0.1943520309477756,0.1943520309477756,1.601044169387249,0.94495971462476,1.0,False,0.5864089678493274,False,False,False
clean,123,6,False,client_00,0.2006318504190844,0.2006318504190844,1.9221989324814457,1.2105806123641942,1.0,False,0.3039379658010854,False,False,False
clean,123,6,False,client_01,0.2094132817537073,0.2094132817537073,1.5169736191204832,0.9553739843172704,1.0,False,0.5687504755537657,False,False,False
clean,123,6,False,client_02,0.2319922630560928,0.2319922630560928,1.7350853002615685,1.0927384204626471,1.0,False,0.5822945013291602,False,False,False
clean,123,6,False,client_03,0.1636105738233398,0.1636105738233398,1.5878322458241767,1.0,1.0,False,0.544633714614773,False,False,False
clean,123,6,False,client_04,0.1943520309477756,0.1943520309477756,1.518457667420573,0.9563086222829577,1.0,False,0.5548966666536261,False,False,False
clean,123,7,False,client_00,0.2006318504190844,0.2006318504190844,1.884751401238792,1.213517736336989,1.0,False,0.2831130324191277,False,False,False
clean,123,7,False,client_01,0.2094132817537073,0.2094132817537073,1.4428287050005717,0.9289809907362364,1.0,False,0.5560293658251729,False,False,False
clean,123,7,False,client_02,0.2319922630560928,0.2319922630560928,1.6514072825090371,1.0632765816879652,1.0,False,0.5784188519696822,False,False,False
clean,123,7,False,client_03,0.1636105738233398,0.1636105738233398,1.5531304939373412,1.0,1.0,False,0.5326430739649948,False,False,False
clean,123,7,False,client_04,0.1943520309477756,0.1943520309477756,1.4595722778068674,0.9397615226179132,1.0,False,0.5324574550381552,False,False,False
clean,123,8,False,client_00,0.2006318504190844,0.2006318504190844,1.8059675089795328,1.2024038583889098,1.0,False,0.2522929705262118,False,False,False
clean,123,8,False,client_01,0.2094132817537073,0.2094132817537073,1.3643347620751878,0.908367051952269,1.0,False,0.5448203948980872,False,False,False
clean,123,8,False,client_02,0.2319922630560928,0.2319922630560928,1.5719219327274794,1.0465775201380405,1.0,False,0.5939624168148665,False,False,False
clean,123,8,False,client_03,0.1636105738233398,0.1636105738233398,1.5019641665150114,1.0,1.0,False,0.5466264937519995,False,False,False
clean,123,8,False,client_04,0.1943520309477756,0.1943520309477756,1.4142324464943077,0.9415886730345462,1.0,False,0.5133541364486793,False,False,False
clean,123,9,False,client_00,0.2006318504190844,0.2006318504190844,1.7834174871156243,1.213539311707982,1.0,False,0.2514350919276199,False,False,False
clean,123,9,False,client_01,0.2094132817537073,0.2094132817537073,1.3381423708950757,0.9105486424099504,1.0,False,0.530698193340798,False,False,False
clean,123,9,False,client_02,0.2319922630560928,0.2319922630560928,1.5498511452568342,1.0546074072127047,1.0,False,0.5922381951031261,False,False,False
clean,123,9,False,client_03,0.1636105738233398,0.1636105738233398,1.4696000944588885,1.0,1.0,False,0.5495340113228007,False,False,False
clean,123,9,False,client_04,0.1943520309477756,0.1943520309477756,1.3262488576730298,0.9024556154246568,1.0,False,0.4641158771876696,False,False,False
clean,123,10,False,client_00,0.2006318504190844,0.2006318504190844,1.7499747958286818,1.2119438712020698,1.0,False,0.2721673678432275,False,False,False
clean,123,10,False,client_01,0.2094132817537073,0.2094132817537073,1.2957082796035782,0.8973419000516081,1.0,False,0.5242540729309257,False,False,False
clean,123,10,False,client_02,0.2319922630560928,0.2319922630560928,1.4946855443427978,1.035143471299413,1.0,False,0.5809300439340533,False,False,False
clean,123,10,False,client_03,0.1636105738233398,0.1636105738233398,1.44394046408516,1.0,1.0,False,0.5495129949425364,False,False,False
clean,123,10,False,client_04,0.1943520309477756,0.1943520309477756,1.304400407243316,0.9033616272189916,1.0,False,0.4980092647664293,False,False,False
clean,123,11,False,client_00,0.2006318504190844,0.2006318504190844,1.7645225573940782,1.2462801844752265,1.0,False,0.2487563746086898,False,False,False
clean,123,11,False,client_01,0.2094132817537073,0.2094132817537073,1.2502296073504473,0.8830356852939455,1.0,False,0.4889520680595223,False,False,False
clean,123,11,False,client_02,0.2319922630560928,0.2319922630560928,1.439754994411644,1.016897240851614,1.0,False,0.5707121429994841,False,False,False
clean,123,11,False,client_03,0.1636105738233398,0.1636105738233398,1.415831351067392,1.0,1.0,False,0.5325368652627646,False,False,False
clean,123,11,False,client_04,0.1943520309477756,0.1943520309477756,1.2933858932128115,0.9135169186907262,1.0,False,0.4998573960829385,False,False,False
clean,123,12,False,client_00,0.2006318504190844,0.2006318504190844,1.7415711302890735,1.2462581467528169,1.0,False,0.2736040348067414,False,False,False
clean,123,12,False,client_01,0.2094132817537073,0.2094132817537073,1.2343405636747633,0.8832869106482046,1.0,False,0.4932128183806719,False,False,False
clean,123,12,False,client_02,0.2319922630560928,0.2319922630560928,1.479757188389481,1.0589056164133424,1.0,False,0.6156497489364846,False,False,False
clean,123,12,False,client_03,0.1636105738233398,0.1636105738233398,1.3974401169025998,1.0,1.0,False,0.5329837025339531,False,False,False
clean,123,12,False,client_04,0.1943520309477756,0.1943520309477756,1.2478782543464229,0.8929744031624925,1.0,False,0.5122272005063945,False,False,False
clean,123,13,False,client_00,0.2006318504190844,0.2006318504190844,1.7053422794780209,1.2447864113917626,1.0,False,0.2561128812246407,False,False,False
clean,123,13,False,client_01,0.2094132817537073,0.2094132817537073,1.1938250147038034,0.871412838212001,1.0,False,0.4324508549292754,False,False,False
clean,123,13,False,client_02,0.2319922630560928,0.2319922630560928,1.4261288458704835,1.0409791803067034,1.0,False,0.6048794948913784,False,False,False
clean,123,13,False,client_03,0.1636105738233398,0.1636105738233398,1.3699878660880649,1.0,1.0,False,0.4915403066609113,False,False,False
clean,123,13,False,client_04,0.1943520309477756,0.1943520309477756,1.201296428106222,0.876866472939258,1.0,False,0.4711493905427166,False,False,False
clean,123,14,False,client_00,0.2006318504190844,0.2006318504190844,1.661780685019003,1.2318797705994349,1.0,False,0.2392038767507824,False,False,False
clean,123,14,False,client_01,0.2094132817537073,0.2094132817537073,1.1843733214783592,0.8779771896013872,1.0,False,0.4440479748281152,False,False,False
clean,123,14,False,client_02,0.2319922630560928,0.2319922630560928,1.3812920413134495,1.023953243844918,1.0,False,0.5794526617608121,False,False,False
clean,123,14,False,client_03,0.1636105738233398,0.1636105738233398,1.348979603918958,1.0,1.0,False,0.5540880015901409,False,False,False
clean,123,14,False,client_04,0.1943520309477756,0.1943520309477756,1.1946983170169403,0.8856311196597703,1.0,False,0.4577721451924593,False,False,False
clean,123,15,False,client_00,0.2006318504190844,0.2006318504190844,1.643487835287924,1.233425160164321,1.0,False,0.2534377598325301,False,False,False
clean,123,15,False,client_01,0.2094132817537073,0.2094132817537073,1.1667415510943522,0.8756306883627186,1.0,False,0.4356369380561304,False,False,False
clean,123,15,False,client_02,0.2319922630560928,0.2319922630560928,1.3324584971730054,1.0,1.0,False,0.5917303606812667,False,False,False
clean,123,15,False,client_03,0.1636105738233398,0.1636105738233398,1.3582557209324175,1.0193606208479622,1.0,False,0.5342794164982589,False,False,False
clean,123,15,False,client_04,0.1943520309477756,0.1943520309477756,1.136029633955893,0.8525816273948771,1.0,False,0.4291928912177991,False,False,False
clean,123,16,False,client_00,0.2006318504190844,0.2006318504190844,1.627801829210147,1.253420959843657,1.0,False,0.2652847256398649,False,False,False
clean,123,16,False,client_01,0.2094132817537073,0.2094132817537073,1.1457658602588632,0.8822492508308613,1.0,False,0.4355945625563098,False,False,False
clean,123,16,False,client_02,0.2319922630560928,0.2319922630560928,1.3057077826090095,1.0054058625473106,1.0,False,0.5677239132450036,False,False,False
clean,123,16,False,client_03,0.1636105738233398,0.1636105738233398,1.2986872578013915,1.0,1.0,False,0.5020790607382716,False,False,False
clean,123,16,False,client_04,0.1943520309477756,0.1943520309477756,1.1171027769154147,0.8601784380379695,1.0,False,0.4220441714697728,False,False,False
clean,123,17,False,client_00,0.2006318504190844,0.2006318504190844,1.611429715278177,1.2335529061307002,1.0,False,0.2288423691020686,False,False,False
clean,123,17,False,client_01,0.2094132817537073,0.2094132817537073,1.1112930420464593,0.8506972091814702,1.0,False,0.3856075422787147,False,False,False
clean,123,17,False,client_02,0.2319922630560928,0.2319922630560928,1.3063320651019077,1.0,1.0,False,0.5891020689585335,False,False,False
clean,123,17,False,client_03,0.1636105738233398,0.1636105738233398,1.3387500138128356,1.0248160093263876,1.0,False,0.524011692857439,False,False,False
clean,123,17,False,client_04,0.1943520309477756,0.1943520309477756,1.1367008010700852,0.8701469032541973,1.0,False,0.4492744487551084,False,False,False
clean,123,18,False,client_00,0.2006318504190844,0.2006318504190844,1.5839776971375596,1.2766531798370055,1.0,False,0.2696195490874326,False,False,False
clean,123,18,False,client_01,0.2094132817537073,0.2094132817537073,1.10963915445836,0.8943461499305982,1.0,False,0.4207045401079454,False,False,False
clean,123,18,False,client_02,0.2319922630560928,0.2319922630560928,1.2407267080475146,1.0,1.0,False,0.5245009110771237,False,False,False
clean,123,18,False,client_03,0.1636105738233398,0.1636105738233398,1.2903862141973153,1.0400245322581538,1.0,False,0.5288548820658643,False,False,False
clean,123,18,False,client_04,0.1943520309477756,0.1943520309477756,1.1457051388914596,0.923414585549152,1.0,False,0.4612404271325119,False,False,False
clean,123,19,False,client_00,0.2006318504190844,0.2006318504190844,1.6041916562446008,1.2990119730254737,1.0,False,0.2479342599531284,False,False,False
clean,123,19,False,client_01,0.2094132817537073,0.2094132817537073,1.104177827139518,0.8941202332153155,1.0,False,0.4223637848784393,False,False,False
clean,123,19,False,client_02,0.2319922630560928,0.2319922630560928,1.2349321557894082,1.0,1.0,False,0.5433655508840793,False,False,False
clean,123,19,False,client_03,0.1636105738233398,0.1636105738233398,1.2755366821501584,1.032879965243754,1.0,False,0.5217666034921058,False,False,False
clean,123,19,False,client_04,0.1943520309477756,0.1943520309477756,1.079017306255405,0.8737462225733871,1.0,False,0.4540410227132821,False,False,False
clean,123,20,False,client_00,0.2006318504190844,0.2006318504190844,1.534773842963684,1.284314422638421,1.0,False,0.2030129983986678,False,False,False
clean,123,20,False,client_01,0.2094132817537073,0.2094132817537073,1.0852253008352266,0.9081276124587828,1.0,False,0.4164481278833787,False,False,False
clean,123,20,False,client_02,0.2319922630560928,0.2319922630560928,1.195014099281649,1.0,1.0,False,0.5666891867574603,False,False,False
clean,123,20,False,client_03,0.1636105738233398,0.1636105738233398,1.308386019592616,1.0948707805030231,1.0,False,0.5666677040978888,False,False,False
clean,123,20,False,client_04,0.1943520309477756,0.1943520309477756,1.100462012655799,0.9208778484850616,1.0,False,0.4342943938079015,False,False,False
clean,2024,1,False,client_00,0.1808510638297872,0.1808510638297872,2.821901516793204,1.0,0.9224276554335736,True,0.6291304281043392,False,False,False
clean,2024,1,False,client_01,0.2194842037395228,0.2194842037395228,3.183643451051039,1.1281908429848104,0.8176166835330297,True,0.6299180547096381,False,False,False
clean,2024,1,False,client_02,0.2330883301096067,0.2330883301096067,3.325627510718409,1.1785058730531597,0.7827094259987328,True,0.659693654285319,False,False,False
clean,2024,1,False,client_03,0.185892972275951,0.185892972275951,2.7689534692986117,0.981236748632262,0.9400663567883472,True,0.7220785061266494,False,False,False
clean,2024,1,False,client_04,0.1806834300451321,0.1806834300451321,2.756760692746885,0.9769159824824986,0.9442241420695552,True,0.8220062947578991,False,False,False
clean,2024,2,False,client_00,0.1808510638297872,0.1808510638297872,2.4703349381065043,1.0,1.0,False,0.5476506781761306,False,False,False
clean,2024,2,False,client_01,0.2194842037395228,0.2194842037395228,2.5544576763159705,1.0340531710545882,1.0,False,0.598263873725599,False,False,False
clean,2024,2,False,client_02,0.2330883301096067,0.2330883301096067,2.683884472418113,1.0864455791064886,0.9698629083146646,True,0.6616982205884323,False,False,False
clean,2024,2,False,client_03,0.185892972275951,0.185892972275951,2.1953181441729903,0.8886722647641001,1.0,False,0.6841831054620668,False,False,False
clean,2024,2,False,client_04,0.1806834300451321,0.1806834300451321,2.3318945873888537,0.9439588743282868,1.0,False,0.759058506102285,False,False,False
clean,2024,3,False,client_00,0.1808510638297872,0.1808510638297872,2.1942195421183635,1.0105184906812237,1.0,False,0.5144985872216437,False,False,False
clean,2024,3,False,client_01,0.2194842037395228,0.2194842037395228,2.171379902844893,1.0,1.0,False,0.5401578394498254,False,False,False
clean,2024,3,False,client_02,0.2330883301096067,0.2330883301096067,2.225863373077351,1.02509163420048,1.0,False,0.6500605656869684,False,False,False
clean,2024,3,False,client_03,0.185892972275951,0.185892972275951,1.896799802244025,0.8735458036425962,1.0,False,0.555467209674105,False,False,False
clean,2024,3,False,client_04,0.1806834300451321,0.1806834300451321,2.019810091285501,0.9301965485814764,1.0,False,0.673857211483942,False,False,False
clean,2024,4,False,client_00,0.1808510638297872,0.1808510638297872,1.9533398285409664,1.0336000631789728,1.0,False,0.474970303532829,False,False,False
clean,2024,4,False,client_01,0.2194842037395228,0.2194842037395228,1.895424255333892,1.0029543254270368,1.0,False,0.4877049991370781,False,False,False
clean,2024,4,False,client_02,0.2330883301096067,0.2330883301096067,1.889841049867212,1.0,1.0,False,0.6164854060394621,False,False,False
clean,2024,4,False,client_03,0.185892972275951,0.185892972275951,1.7698333945252285,0.9364985455520634,1.0,False,0.5341114989665661,False,False,False
clean,2024,4,False,client_04,0.1806834300451321,0.1806834300451321,1.7750180050271602,0.9392419564343152,1.0,False,0.6576183956922393,False,False,False
clean,2024,5,False,client_00,0.1808510638297872,0.1808510638297872,1.8102377666991,1.068685456199553,1.0,False,0.4395921067851673,False,False,False
clean,2024,5,False,client_01,0.2194842037395228,0.2194842037395228,1.693892020517101,1.0,1.0,False,0.4325072194817335,False,False,False
clean,2024,5,False,client_02,0.2330883301096067,0.2330883301096067,1.7183120903949662,1.0144165446097386,1.0,False,0.5701816158144679,False,False,False
clean,2024,5,False,client_03,0.185892972275951,0.185892972275951,1.646489850217721,0.9720158252561404,1.0,False,0.5315702641863856,False,False,False
clean,2024,5,False,client_04,0.1806834300451321,0.1806834300451321,1.6185881204337509,0.9555438604283868,1.0,False,0.6570492975997075,False,False,False
clean,2024,6,False,client_00,0.1808510638297872,0.1808510638297872,1.6901851685097722,1.0495768415176852,1.0,False,0.416530434043506,False,False,False
clean,2024,6,False,client_01,0.2194842037395228,0.2194842037395228,1.6103491441996465,1.0,1.0,False,0.3869313252866744,False,False,False
clean,2024,6,False,client_02,0.2330883301096067,0.2330883301096067,1.598448530342792,0.9926099169861892,1.0,False,0.5342945329192449,False,False,False
clean,2024,6,False,client_03,0.185892972275951,0.185892972275951,1.635845869886478,1.015833042032325,1.0,False,0.5526861374386824,False,False,False
clean,2024,6,False,client_04,0.1806834300451321,0.1806834300451321,1.5185486514212576,0.9429934228182458,1.0,False,0.667283651055483,False,False,False
clean,2024,7,False,client_00,0.1808510638297872,0.1808510638297872,1.6429775752747946,1.0650698564508991,1.0,False,0.408656671154989,False,False,False
clean,2024,7,False,client_01,0.2194842037395228,0.2194842037395228,1.5426007649391564,1.0,1.0,False,0.3697596652324009,False,False,False
clean,2024,7,False,client_02,0.2330883301096067,0.2330883301096067,1.508472615407176,0.9778762267544144,1.0,False,0.5121888428972254,False,False,False
clean,2024,7,False,client_03,0.185892972275951,0.185892972275951,1.5430735419350297,1.0003064804624882,1.0,False,0.539599981803621,False,False,False
clean,2024,7,False,client_04,0.1806834300451321,0.1806834300451321,1.4533303685539036,0.9421299415803324,1.0,False,0.6729129320593005,False,False,False
clean,2024,8,False,client_00,0.1808510638297872,0.1808510638297872,1.5966615635956694,1.0709371625632518,1.0,False,0.4044356884291524,False,False,False
clean,2024,8,False,client_01,0.2194842037395228,0.2194842037395228,1.490901258645385,1.0,1.0,False,0.337544630045756,False,False,False
clean,2024,8,False,client_02,0.2330883301096067,0.2330883301096067,1.4380015521967686,0.9645183031794604,1.0,False,0.4865454787769007,False,False,False
clean,2024,8,False,client_03,0.185892972275951,0.185892972275951,1.4974554267664326,1.0043961114681752,1.0,False,0.5681857329499453,False,False,False
clean,2024,8,False,client_04,0.1806834300451321,0.1806834300451321,1.4310045973177845,0.9598251990329514,1.0,False,0.67880735159167,False,False,False
clean,2024,9,False,client_00,0.1808510638297872,0.1808510638297872,1.5689906048587927,1.0737468253194395,1.0,False,0.4267451664121653,False,False,False
clean,2024,9,False,client_01,0.2194842037395228,0.2194842037395228,1.461229563488598,1.0,1.0,False,0.3564915890228041,False,False,False
clean,2024,9,False,client_02,0.2330883301096067,0.2330883301096067,1.4590658340428275,0.9985192405766792,1.0,False,0.4759044150064676,False,False,False
clean,2024,9,False,client_03,0.185892972275951,0.185892972275951,1.5053736636883954,1.0302102430054905,1.0,False,0.5518945530833334,False,False,False
clean,2024,9,False,client_04,0.1806834300451321,0.1806834300451321,1.43697528950205,0.9834014623077824,1.0,False,0.6676523154409135,False,False,False
clean,2024,10,False,client_00,0.1808510638297872,0.1808510638297872,1.5554504767546864,1.068026840277069,1.0,False,0.4228123507332534,False,False,False
clean,2024,10,False,client_01,0.2194842037395228,0.2194842037395228,1.456377703346078,1.0,1.0,False,0.3362096181397587,False,False,False
clean,2024,10,False,client_02,0.2330883301096067,0.2330883301096067,1.3978749542824518,0.959829961053912,1.0,False,0.4744235011803312,False,False,False
clean,2024,10,False,client_03,0.185892972275951,0.185892972275951,1.493457044496688,1.025459975846526,1.0,False,0.592787800046813,False,False,False
clean,2024,10,False,client_04,0.1806834300451321,0.1806834300451321,1.3708855371810882,0.9412980808697023,1.0,False,0.6711824619669652,False,False,False
clean,2024,11,False,client_00,0.1808510638297872,0.1808510638297872,1.50603054780564,1.0343644160869072,1.0,False,0.4042886464715406,False,False,False
clean,2024,11,False,client_01,0.2194842037395228,0.2194842037395228,1.455996092269964,1.0,1.0,False,0.3399394653708446,False,False,False
clean,2024,11,False,client_02,0.2330883301096067,0.2330883301096067,1.355139644559119,0.9307302758253938,1.0,False,0.4429942586544426,False,False,False
clean,2024,11,False,client_03,0.185892972275951,0.185892972275951,1.528582526416238,1.049853453956122,1.0,False,0.5834977246325181,False,False,False
clean,2024,11,False,client_04,0.1806834300451321,0.1806834300451321,1.3323880409440882,0.9151041325027424,1.0,False,0.6836710457771998,False,False,False
clean,2024,12,False,client_00,0.1808510638297872,0.1808510638297872,1.50086179007897,1.0639210614259569,1.0,False,0.4428495539769251,False,False,False
clean,2024,12,False,client_01,0.2194842037395228,0.2194842037395228,1.410689048741444,1.0,1.0,False,0.3325061956852675,False,False,False
clean,2024,12,False,client_02,0.2330883301096067,0.2330883301096067,1.3582983051682618,0.9628615933327598,1.0,False,0.449366887028539,False,False,False
clean,2024,12,False,client_03,0.185892972275951,0.185892972275951,1.4952482261832667,1.0599417550715822,1.0,False,0.5365581487694139,False,False,False
clean,2024,12,False,client_04,0.1806834300451321,0.1806834300451321,1.3311486415742644,0.9436159178820152,1.0,False,0.6525859901446188,False,False,False
clean,2024,13,False,client_00,0.1808510638297872,0.1808510638297872,1.4965767694687735,1.086513021920421,1.0,False,0.4324437949161928,False,False,False
clean,2024,13,False,client_01,0.2194842037395228,0.2194842037395228,1.3774126395867408,1.0,1.0,False,0.3074109593119898,False,False,False
clean,2024,13,False,client_02,0.2330883301096067,0.2330883301096067,1.3414460337402785,0.973888285316408,1.0,False,0.4427364392692115,False,False,False
clean,2024,13,False,client_03,0.185892972275951,0.185892972275951,1.5022362510277465,1.090621799055406,1.0,False,0.6364699027283914,False,False,False
clean,2024,13,False,client_04,0.1806834300451321,0.1806834300451321,1.301901990798728,0.9451793553958764,1.0,False,0.6711933485628805,False,False,False
clean,2024,14,False,client_00,0.1808510638297872,0.1808510638297872,1.4408350347139802,1.0482314291696124,1.0,False,0.4336011706548395,False,False,False
clean,2024,14,False,client_01,0.2194842037395228,0.2194842037395228,1.3745390517963962,1.0,1.0,False,0.317918131282587,False,False,False
clean,2024,14,False,client_02,0.2330883301096067,0.2330883301096067,1.3139335562990184,0.9559084949837025,1.0,False,0.3663276081568633,False,False,False
clean,2024,14,False,client_03,0.185892972275951,0.185892972275951,1.4567939873243765,1.0598418323731729,1.0,False,0.6352516488907066,False,False,False
clean,2024,14,False,client_04,0.1806834300451321,0.1806834300451321,1.2129964119626084,0.8824750452723287,1.0,False,0.6101497155776245,False,False,False
clean,2024,15,False,client_00,0.1808510638297872,0.1808510638297872,1.4395075339791463,1.0442236467349804,1.0,False,0.4301617642071402,False,False,False
clean,2024,15,False,client_01,0.2194842037395228,0.2194842037395228,1.378543321136346,1.0,1.0,False,0.2919084441238707,False,False,False
clean,2024,15,False,client_02,0.2330883301096067,0.2330883301096067,1.292452162784593,0.9375491817835748,1.0,False,0.4343996429990559,False,False,False
clean,2024,15,False,client_03,0.185892972275951,0.185892972275951,1.4610617423761356,1.059859142599718,1.0,False,0.5884529473150082,False,False,False
clean,2024,15,False,client_04,0.1806834300451321,0.1806834300451321,1.197696086052927,0.8688128023903195,1.0,False,0.6746870215076722,False,False,False
clean,2024,16,False,client_00,0.1808510638297872,0.1808510638297872,1.436340142286619,1.0678848107211707,1.0,False,0.3975308726174428,False,False,False
clean,2024,16,False,client_01,0.2194842037395228,0.2194842037395228,1.3450328423686644,1.0,1.0,False,0.3024238920319653,False,False,False
clean,2024,16,False,client_02,0.2330883301096067,0.2330883301096067,1.2621546230967635,0.9383820107128772,1.0,False,0.4330890544448859,False,False,False
clean,2024,16,False,client_03,0.185892972275951,0.185892972275951,1.421590979611429,1.056919158277163,1.0,False,0.6300992407925091,False,False,False
clean,2024,16,False,client_04,0.1806834300451321,0.1806834300451321,1.1769109351108762,0.8750053515706592,1.0,False,0.6467198616127928,False,False,False
clean,2024,17,False,client_00,0.1808510638297872,0.1808510638297872,1.3951308858101286,1.0144134866285408,1.0,False,0.4041986127479625,False,False,False
clean,2024,17,False,client_01,0.2194842037395228,0.2194842037395228,1.3753079037295957,1.0,1.0,False,0.2773111940208543,False,False,False
clean,2024,17,False,client_02,0.2330883301096067,0.2330883301096067,1.2854011125945974,0.9346278815884164,1.0,False,0.431631512238388,False,False,False
clean,2024,17,False,client_03,0.185892972275951,0.185892972275951,1.4150971832736978,1.0289311792917066,1.0,False,0.610693586826022,False,False,False
clean,2024,17,False,client_04,0.1806834300451321,0.1806834300451321,1.1531747686982263,0.8384847971650692,1.0,False,0.6130481715884851,False,False,False
clean,2024,18,False,client_00,0.1808510638297872,0.1808510638297872,1.3625930167670628,1.0613139370264433,1.0,False,0.404256021298589,False,False,False
clean,2024,18,False,client_01,0.2194842037395228,0.2194842037395228,1.280340139802239,0.9972477605459482,1.0,False,0.2617208733131948,False,False,False
clean,2024,18,False,client_02,0.2330883301096067,0.2330883301096067,1.2838736675641271,1.0,1.0,False,0.4304047830216009,False,False,False
clean,2024,18,False,client_03,0.185892972275951,0.185892972275951,1.4590580808153697,1.1364498841880737,1.0,False,0.6232364457946806,False,False,False
clean,2024,18,False,client_04,0.1806834300451321,0.1806834300451321,1.166989941147752,0.9089601030309028,1.0,False,0.6159577758918002,False,False,False
clean,2024,19,False,client_00,0.1808510638297872,0.1808510638297872,1.3660167990316106,1.0434172726929332,1.0,False,0.3600721027173252,False,False,False
clean,2024,19,False,client_01,0.2194842037395228,0.2194842037395228,1.3091759498154436,1.0,1.0,False,0.2722532410122946,False,False,False
clean,2024,19,False,client_02,0.2330883301096067,0.2330883301096067,1.2534504190881877,0.9574346513659132,1.0,False,0.4521526228830848,False,False,False
clean,2024,19,False,client_03,0.185892972275951,0.185892972275951,1.4185016881121897,1.0835072919817674,1.0,False,0.5611440551511137,False,False,False
clean,2024,19,False,client_04,0.1806834300451321,0.1806834300451321,1.110360033180799,0.8481365956480701,1.0,False,0.6563143548115165,False,False,False
clean,2024,20,False,client_00,0.1808510638297872,0.1808510638297872,1.3425415374153196,1.0356229305691311,1.0,False,0.4005530237318215,False,False,False
clean,2024,20,False,client_01,0.2194842037395228,0.2194842037395228,1.2963613471531763,1.0,1.0,False,0.2618033097445802,False,False,False
clean,2024,20,False,client_02,0.2330883301096067,0.2330883301096067,1.2263390465097697,0.9459855072066314,1.0,False,0.401285470935292,False,False,False
clean,2024,20,False,client_03,0.185892972275951,0.185892972275951,1.364549057402979,1.0525993083637857,1.0,False,0.5971922446867002,False,False,False
clean,2024,20,False,client_04,0.1806834300451321,0.1806834300451321,1.1113860543199974,0.8573119344854065,1.0,False,0.5691044009696177,False,False,False
sign_flip,42,1,False,client_00,0.2115538362346873,0.2500419124258912,3.2143568999755643,1.0168053580778555,0.8098042877627524,True,0.6758598027309691,False,False,False
sign_flip,42,1,False,client_01,0.2411089619600258,0.2849740142959474,3.299014083587721,1.0435851714511857,0.7890236094928106,True,0.772563615505453,False,False,False
sign_flip,42,1,False,client_02,0.2135783365570599,0.2524347309222258,3.161231276408601,1.0,0.8234133387915882,True,0.7181447362045874,False,False,False
sign_flip,42,1,False,client_03,0.1798323662153449,0.2125493423559355,2.814323823894068,0.8902619194288605,0.9249113331948888,True,0.6949500630035657,False,False,False
sign_flip,42,1,True,client_04,0.153926499032882,0.0,2.6385744414288017,0.8346666886158429,0.9865175524820372,True,-0.3597238698752783,True,False,True
sign_flip,42,2,False,client_00,0.2115538362346873,0.2500419124258912,2.614152158378556,1.0240598020490246,0.9957339291277242,True,0.6192616037721739,False,False,False
sign_flip,42,2,False,client_01,0.2411089619600258,0.2849740142959474,2.6027528297585967,1.0195942646576253,1.0,False,0.7033805434245074,False,False,False
sign_flip,42,2,False,client_02,0.2135783365570599,0.2524347309222258,2.552733886388218,1.0,1.0,False,0.6685456976313022,False,False,False
sign_flip,42,2,False,client_03,0.1798323662153449,0.2125493423559355,2.3753050595106764,0.9304945855015934,1.0,False,0.622483946123756,False,False,False
sign_flip,42,2,True,client_04,0.153926499032882,0.0,2.379365508685293,0.932085213179734,1.0,False,-0.2078317950657712,True,False,True
sign_flip,42,3,False,client_00,0.2115538362346873,0.2500419124258912,2.1735020386842083,1.0135386076895598,1.0,False,0.5628556903753169,False,False,False
sign_flip,42,3,False,client_01,0.2411089619600258,0.2849740142959474,2.1444689153370047,1.0,1.0,False,0.6748638691989997,False,False,False
sign_flip,42,3,False,client_02,0.2135783365570599,0.2524347309222258,2.1165083630590136,0.9869615492777628,1.0,False,0.575541491782315,False,False,False
sign_flip,42,3,False,client_03,0.1798323662153449,0.2125493423559355,2.026026931921002,0.9447686172697964,1.0,False,0.5499069782300586,False,False,False
sign_flip,42,3,True,client_04,0.153926499032882,0.0,2.175345567650648,1.0143982745997466,1.0,False,-0.0890581826039327,True,False,True
sign_flip,42,4,False,client_00,0.2115538362346873,0.2500419124258912,1.8880074087207068,0.9990659101642364,1.0,False,0.5454174962627801,False,False,False
sign_flip,42,4,False,client_01,0.2411089619600258,0.2849740142959474,1.8897726261226728,1.0,1.0,False,0.6414618099400455,False,False,False
sign_flip,42,4,False,client_02,0.2135783365570599,0.2524347309222258,1.9381151060025577,1.0255811091829985,1.0,False,0.4903765020954835,False,False,False
sign_flip,42,4,False,client_03,0.1798323662153449,0.2125493423559355,1.8642578270839936,0.9864984820470022,1.0,False,0.5244391658876458,False,False,False
sign_flip,42,4,True,client_04,0.153926499032882,0.0,2.042519968991812,1.080828423884273,1.0,False,-0.0659227125276032,True,False,True
sign_flip,42,5,False,client_00,0.2115538362346873,0.2500419124258912,1.6750633773916743,0.9650630567796354,1.0,False,0.526893156220735,False,False,False
sign_flip,42,5,False,client_01,0.2411089619600258,0.2849740142959474,1.7133414042462556,0.987116377329988,1.0,False,0.6126731097727633,False,False,False
sign_flip,42,5,False,client_02,0.2135783365570599,0.2524347309222258,1.830417069970845,1.0545677952068555,1.0,False,0.4509161046292533,False,False,False
sign_flip,42,5,False,client_03,0.1798323662153449,0.2125493423559355,1.735703553901724,1.0,1.0,False,0.4995356618850892,False,False,False
sign_flip,42,5,True,client_04,0.153926499032882,0.0,1.9866131145656032,1.144557842322702,1.0,False,-0.0312597424602281,True,False,True
sign_flip,42,6,False,client_00,0.2115538362346873,0.2500419124258912,1.5685543377527438,0.9469806123363352,1.0,False,0.510012303436721,False,False,False
sign_flip,42,6,False,client_01,0.2411089619600258,0.2849740142959474,1.5682961897547256,0.94682476108952,1.0,False,0.6046751801204998,False,False,False
sign_flip,42,6,False,client_02,0.2135783365570599,0.2524347309222258,1.7152651412277609,1.0355540733680868,1.0,False,0.4154473420603778,False,False,False
sign_flip,42,6,False,client_03,0.1798323662153449,0.2125493423559355,1.6563742882580226,1.0,1.0,False,0.5300195566929372,False,False,False
sign_flip,42,6,True,client_04,0.153926499032882,0.0,1.9383232015777696,1.1702205324717203,1.0,False,-0.0323959422396601,True,False,True
sign_flip,42,7,False,client_00,0.2115538362346873,0.2500419124258912,1.50662603803065,0.94563330931255,1.0,False,0.5112792861742619,False,False,False
sign_flip,42,7,False,client_01,0.2411089619600258,0.2849740142959474,1.5289180124049966,0.9596248592835556,1.0,False,0.5887572311902948,False,False,False
sign_flip,42,7,False,client_02,0.2135783365570599,0.2524347309222258,1.684350848073661,1.0571822245878997,1.0,False,0.4416439146891033,False,False,False
sign_flip,42,7,False,client_03,0.1798323662153449,0.2125493423559355,1.593245524658947,1.0,1.0,False,0.4990262887737189,False,False,False
sign_flip,42,7,True,client_04,0.153926499032882,0.0,1.8904869544886185,1.1865634801599705,1.0,False,-0.0334588386884515,True,False,True
sign_flip,42,8,False,client_00,0.2115538362346873,0.2500419124258912,1.447162703879272,0.9236221776748594,1.0,False,0.4993005738368067,False,False,False
sign_flip,42,8,False,client_01,0.2411089619600258,0.2849740142959474,1.4331367880007335,0.9146704219856796,1.0,False,0.5673994759017515,False,False,False
sign_flip,42,8,False,client_02,0.2135783365570599,0.2524347309222258,1.6116304098979386,1.028590347724398,1.0,False,0.3771095330368596,False,False,False
sign_flip,42,8,False,client_03,0.1798323662153449,0.2125493423559355,1.5668340787597603,1.0,1.0,False,0.4864703529354599,False,False,False
sign_flip,42,8,True,client_04,0.153926499032882,0.0,1.8521005003544384,1.182065494656896,1.0,False,-0.0159263847162904,True,False,True
sign_flip,42,9,False,client_00,0.2115538362346873,0.2500419124258912,1.3928682504707466,0.8866448251958248,1.0,False,0.5000668624982175,False,False,False
sign_flip,42,9,False,client_01,0.2411089619600258,0.2849740142959474,1.4405133956312772,0.9169738397225118,1.0,False,0.5973936728149238,False,False,False
sign_flip,42,9,False,client_02,0.2135783365570599,0.2524347309222258,1.5709427392903546,1.0,1.0,False,0.3497799413027793,False,False,False
sign_flip,42,9,False,client_03,0.1798323662153449,0.2125493423559355,1.5714598698734388,1.0003291848710654,1.0,False,0.5426238684145217,False,False,False
sign_flip,42,9,True,client_04,0.153926499032882,0.0,1.7759890984384292,1.1305244004251236,1.0,False,-0.0106626753630629,True,False,True
sign_flip,42,10,False,client_00,0.2115538362346873,0.2500419124258912,1.4033578595674627,0.9033736606167756,1.0,False,0.506362909572799,False,False,False
sign_flip,42,10,False,client_01,0.2411089619600258,0.2849740142959474,1.3482075753518017,0.8678721569936635,1.0,False,0.5865585211126443,False,False,False
sign_flip,42,10,False,client_02,0.2135783365570599,0.2524347309222258,1.5534633349939873,1.0,1.0,False,0.3769693750896948,False,False,False
sign_flip,42,10,False,client_03,0.1798323662153449,0.2125493423559355,1.5713488151060888,1.0115132940116485,1.0,False,0.4782386450369409,False,False,False
sign_flip,42,10,True,client_04,0.153926499032882,0.0,1.7676788903942968,1.1378954691590055,1.0,False,-0.0033694544268313,True,False,True
sign_flip,42,11,False,client_00,0.2115538362346873,0.2500419124258912,1.3656191104122577,0.9003895095246476,1.0,False,0.530242837290274,False,False,False
sign_flip,42,11,False,client_01,0.2411089619600258,0.2849740142959474,1.4501320997422025,0.9561112026607952,1.0,False,0.6027968374645446,False,False,False
sign_flip,42,11,False,client_02,0.2135783365570599,0.2524347309222258,1.5166981578153036,1.0,1.0,False,0.3368247268424354,False,False,False
sign_flip,42,11,False,client_03,0.1798323662153449,0.2125493423559355,1.5968074239228436,1.0528181996495147,1.0,False,0.5769378394843204,False,False,False
sign_flip,42,11,True,client_04,0.153926499032882,0.0,1.7668243958396486,1.164914974502662,1.0,False,-0.0253196316672307,True,False,True
sign_flip,42,12,False,client_00,0.2115538362346873,0.2500419124258912,1.3618021274935492,0.902986987676182,1.0,False,0.466620602471172,False,False,False
sign_flip,42,12,False,client_01,0.2411089619600258,0.2849740142959474,1.3326893257638937,0.8836828019902186,1.0,False,0.6260960336469514,False,False,False
sign_flip,42,12,False,client_02,0.2135783365570599,0.2524347309222258,1.5081082519230071,1.0,1.0,False,0.4140688328258106,False,False,False
sign_flip,42,12,False,client_03,0.1798323662153449,0.2125493423559355,1.6023620284423346,1.0624980178970196,1.0,False,0.5321703461775028,False,False,False
sign_flip,42,12,True,client_04,0.153926499032882,0.0,1.7390878089343484,1.153158473018642,1.0,False,0.0296886493987409,True,False,True
sign_flip,42,13,False,client_00,0.2115538362346873,0.2500419124258912,1.3567786465118967,0.909717274618269,1.0,False,0.5498045352116006,False,False,False
sign_flip,42,13,False,client_01,0.2411089619600258,0.2849740142959474,1.3840113637553997,0.9279767551716374,1.0,False,0.5535298630299833,False,False,False
sign_flip,42,13,False,client_02,0.2135783365570599,0.2524347309222258,1.4914289135393426,1.0,1.0,False,0.3171053391560495,False,False,False
sign_flip,42,13,False,client_03,0.1798323662153449,0.2125493423559355,1.5753362298044933,1.056259681908693,1.0,False,0.5830062358504254,False,False,False
sign_flip,42,13,True,client_04,0.153926499032882,0.0,1.7444850478093197,1.1696736143256363,1.0,False,-0.0360447649064676,True,False,True
sign_flip,42,14,False,client_00,0.2115538362346873,0.2500419124258912,1.346627787174293,0.9044288065377688,1.0,False,0.5494331234704551,False,False,False
sign_flip,42,14,False,client_01,0.2411089619600258,0.2849740142959474,1.3564822582147502,0.9110473150573972,1.0,False,0.5736756084949274,False,False,False
sign_flip,42,14,False,client_02,0.2135783365570599,0.2524347309222258,1.4889262454269896,1.0,1.0,False,0.2754728951716046,False,False,False
sign_flip,42,14,False,client_03,0.1798323662153449,0.2125493423559355,1.6154686277368744,1.0849890199051433,1.0,False,0.6351820006668694,False,False,False
sign_flip,42,14,True,client_04,0.153926499032882,0.0,1.7332522176711511,1.1640954164080133,1.0,False,-0.0067508122155582,True,False,True
sign_flip,42,15,False,client_00,0.2115538362346873,0.2500419124258912,1.414424396452838,0.9305481119078596,1.0,False,0.5793473896940758,False,False,False
sign_flip,42,15,False,client_01,0.2411089619600258,0.2849740142959474,1.3338207865083154,0.8775190937185977,1.0,False,0.5257065915576515,False,False,False
sign_flip,42,15,False,client_02,0.2135783365570599,0.2524347309222258,1.5381167830772793,1.0119251845314712,1.0,False,0.3658923069742417,False,False,False
sign_flip,42,15,False,client_03,0.1798323662153449,0.2125493423559355,1.519990614513106,1.0,1.0,False,0.6029151195960865,False,False,False
sign_flip,42,15,True,client_04,0.153926499032882,0.0,1.7352554718710251,1.1416224911539168,1.0,False,-0.0257326017106064,True,False,True
sign_flip,42,16,False,client_00,0.2115538362346873,0.2500419124258912,1.427479261877879,0.9660322433163828,1.0,False,0.6062004369311866,False,False,False
sign_flip,42,16,False,client_01,0.2411089619600258,0.2849740142959474,1.2832625233024837,0.868435014964017,1.0,False,0.5635831165924474,False,False,False
sign_flip,42,16,False,client_02,0.2135783365570599,0.2524347309222258,1.4776724811765618,1.0,1.0,False,0.3600314946162038,False,False,False
sign_flip,42,16,False,client_03,0.1798323662153449,0.2125493423559355,1.5799054033825322,1.0691851025909136,1.0,False,0.5056613484484442,False,False,False
sign_flip,42,16,True,client_04,0.153926499032882,0.0,1.7115115279967916,1.158248224690522,1.0,False,-0.0014162636380769,True,False,True
sign_flip,42,17,False,client_00,0.2115538362346873,0.2500419124258912,1.3510605367032975,0.9349607577087636,1.0,False,0.5714923723942203,False,False,False
sign_flip,42,17,False,client_01,0.2411089619600258,0.2849740142959474,1.3630845353318717,0.943281603861144,1.0,False,0.571414403254246,False,False,False
sign_flip,42,17,False,client_02,0.2135783365570599,0.2524347309222258,1.4450451803070723,1.0,1.0,False,0.3728479282771917,False,False,False
sign_flip,42,17,False,client_03,0.1798323662153449,0.2125493423559355,1.5796454408057796,1.0931460568382398,1.0,False,0.5831361252085584,False,False,False
sign_flip,42,17,True,client_04,0.153926499032882,0.0,1.6781655526747754,1.1613239333583776,1.0,False,-0.0207742569374467,True,False,True
sign_flip,42,18,False,client_00,0.2115538362346873,0.2500419124258912,1.4001034365932292,0.9463361479935164,1.0,False,0.6514973161467902,False,False,False
sign_flip,42,18,False,client_01,0.2411089619600258,0.2849740142959474,1.3655484276711525,0.922980263576314,1.0,False,0.5812547670834626,False,False,False
sign_flip,42,18,False,client_02,0.2135783365570599,0.2524347309222258,1.479499054920199,1.0,1.0,False,0.2782518742582507,False,False,False
sign_flip,42,18,False,client_03,0.1798323662153449,0.2125493423559355,1.5383938687552232,1.0398072669523948,1.0,False,0.6136236642206409,False,False,False
sign_flip,42,18,True,client_04,0.153926499032882,0.0,1.7022049294203498,1.150527892369734,1.0,False,-0.034801467838667,True,False,True
sign_flip,42,19,False,client_00,0.2115538362346873,0.2500419124258912,1.286664009675105,0.8800072517032431,1.0,False,0.5164151558160116,False,False,False
sign_flip,42,19,False,client_01,0.2411089619600258,0.2849740142959474,1.2078014550420673,0.8260696118508309,1.0,False,0.5002790079970225,False,False,False
sign_flip,42,19,False,client_02,0.2135783365570599,0.2524347309222258,1.4621061442218604,1.0,1.0,False,0.3168385349291074,False,False,False
sign_flip,42,19,False,client_03,0.1798323662153449,0.2125493423559355,1.525927786196582,1.0436504847660617,1.0,False,0.5872822299974205,False,False,False
sign_flip,42,19,True,client_04,0.153926499032882,0.0,1.6732329264952617,1.1443990801268151,1.0,False,0.0544422694880352,True,False,True
sign_flip,42,20,False,client_00,0.2115538362346873,0.2500419124258912,1.2865514882190383,0.8895467577105991,1.0,False,0.5432552314520868,False,False,False
sign_flip,42,20,False,client_01,0.2411089619600258,0.2849740142959474,1.3233034969704789,0.9149578123971482,1.0,False,0.568936060870195,False,False,False
sign_flip,42,20,False,client_02,0.2135783365570599,0.2524347309222258,1.4463000140995388,1.0,1.0,False,0.3084597459598399,False,False,False
sign_flip,42,20,False,client_03,0.1798323662153449,0.2125493423559355,1.5227209688643766,1.0528389366105464,1.0,False,0.59780720122794,False,False,False
sign_flip,42,20,True,client_04,0.153926499032882,0.0,1.6562854578994095,1.1451880258264446,1.0,False,0.002259614188778,True,False,True
sign_flip,123,1,False,client_00,0.2006318504190844,0.2398785113009157,2.971202971004138,1.0,0.8760761299051539,True,0.661415431427621,False,False,False
sign_flip,123,1,False,client_01,0.2094132817537073,0.2503777250161882,3.0473488171639054,1.0256279516757596,0.8541851150543869,True,0.5782695817903083,False,False,False
sign_flip,123,1,False,client_02,0.2319922630560928,0.2773735006629459,3.254838413513951,1.0954614832032012,0.799732481094132,True,0.7496413030262445,False,False,False
sign_flip,123,1,True,client_03,0.1636105738233398,0.0,2.6427149623634545,0.8894427570763809,0.984971908461919,True,-0.3674012800388658,True,False,True
sign_flip,123,1,False,client_04,0.1943520309477756,0.23237026301995,2.8245790811997624,0.950651675016728,0.9215532386136468,True,0.7953252072122824,False,False,False
sign_flip,123,2,False,client_00,0.2006318504190844,0.2398785113009157,2.5421722310104866,1.030653139120866,1.0,False,0.6283875401851177,False,False,False
sign_flip,123,2,False,client_01,0.2094132817537073,0.2503777250161882,2.4344444769368514,0.9869779126542864,1.0,False,0.5798569772323106,False,False,False
sign_flip,123,2,False,client_02,0.2319922630560928,0.2773735006629459,2.494175743751778,1.011194296145345,1.0,False,0.6385446209283129,False,False,False
sign_flip,123,2,True,client_03,0.1636105738233398,0.0,2.106790185038102,0.8541395784248076,1.0,False,-0.2797945467011151,True,False,True
sign_flip,123,2,False,client_04,0.1943520309477756,0.23237026301995,2.4665642925988926,1.0,1.0,False,0.7439562758001249,False,False,False
sign_flip,123,3,False,client_00,0.2006318504190844,0.2398785113009157,2.1769156830054515,1.0215811960979824,1.0,False,0.5234858032824906,False,False,False
sign_flip,123,3,False,client_01,0.2094132817537073,0.2503777250161882,2.1359284595835626,1.0023467456987551,1.0,False,0.5284227557289474,False,False,False
sign_flip,123,3,False,client_02,0.2319922630560928,0.2773735006629459,2.130927714136056,1.0,1.0,False,0.6106592159213496,False,False,False
sign_flip,123,3,True,client_03,0.1636105738233398,0.0,2.037918509742777,0.9563527172807044,1.0,False,-0.1562840522803114,True,False,True
sign_flip,123,3,False,client_04,0.1943520309477756,0.23237026301995,1.974127575385064,0.9264169602230906,1.0,False,0.7091022894956573,False,False,False
sign_flip,123,4,False,client_00,0.2006318504190844,0.2398785113009157,1.9899895125860672,1.0498943778526606,1.0,False,0.4148590817563769,False,False,False
sign_flip,123,4,False,client_01,0.2094132817537073,0.2503777250161882,1.8954187721779925,1.0,1.0,False,0.4741694576407098,False,False,False
sign_flip,123,4,False,client_02,0.2319922630560928,0.2773735006629459,1.9391315606502704,1.0230623380510515,1.0,False,0.5698646743583233,False,False,False
sign_flip,123,4,True,client_03,0.1636105738233398,0.0,1.8868025640332984,0.995454192882772,1.0,False,-0.1087587310450833,True,False,True
sign_flip,123,4,False,client_04,0.1943520309477756,0.23237026301995,1.6562433728137662,0.8738139545334387,1.0,False,0.6834292736604287,False,False,False
sign_flip,123,5,False,client_00,0.2006318504190844,0.2398785113009157,1.928241847690058,1.0332239673836845,1.0,False,0.3708466620747793,False,False,False
sign_flip,123,5,False,client_01,0.2094132817537073,0.2503777250161882,1.7564559170697065,0.9411746526211786,1.0,False,0.4520575772037997,False,False,False
sign_flip,123,5,False,client_02,0.2319922630560928,0.2773735006629459,1.8666993706403556,1.0002472106681888,1.0,False,0.5556945758906132,False,False,False
sign_flip,123,5,True,client_03,0.1636105738233398,0.0,1.8662380166932493,1.0,1.0,False,-0.0930333372811653,True,False,True
sign_flip,123,5,False,client_04,0.1943520309477756,0.23237026301995,1.5242923971476985,0.8167727714863305,1.0,False,0.6696375949187482,False,False,False
sign_flip,123,6,False,client_00,0.2006318504190844,0.2398785113009157,1.8724390128621824,1.0906028349873984,1.0,False,0.3280739933986132,False,False,False
sign_flip,123,6,False,client_01,0.2094132817537073,0.2503777250161882,1.668591042391321,0.9718715049014492,1.0,False,0.442748762444111,False,False,False
sign_flip,123,6,False,client_02,0.2319922630560928,0.2773735006629459,1.7168844173083575,1.0,1.0,False,0.5355662362841349,False,False,False
sign_flip,123,6,True,client_03,0.1636105738233398,0.0,1.8057418763344653,1.0517550617445837,1.0,False,-0.0768635495352969,True,False,True
sign_flip,123,6,False,client_04,0.1943520309477756,0.23237026301995,1.4906014776066625,0.8682014133156093,1.0,False,0.6435575464064053,False,False,False
sign_flip,123,7,False,client_00,0.2006318504190844,0.2398785113009157,1.833390077721592,1.1396414983521164,1.0,False,0.3027679781277502,False,False,False
sign_flip,123,7,False,client_01,0.2094132817537073,0.2503777250161882,1.5920897962126186,0.9896484239304312,1.0,False,0.4212544538219623,False,False,False
sign_flip,123,7,False,client_02,0.2319922630560928,0.2773735006629459,1.6087428198890728,1.0,1.0,False,0.5413417004909344,False,False,False
sign_flip,123,7,True,client_03,0.1636105738233398,0.0,1.777378247295688,1.1048243543478522,1.0,False,-0.055676370565018,True,False,True
sign_flip,123,7,False,client_04,0.1943520309477756,0.23237026301995,1.4259177859799927,0.8863553380634909,1.0,False,0.6401221725447098,False,False,False
sign_flip,123,8,False,client_00,0.2006318504190844,0.2398785113009157,1.7520332973020372,1.126630209255516,1.0,False,0.2828880372610626,False,False,False
sign_flip,123,8,False,client_01,0.2094132817537073,0.2503777250161882,1.5312927254829394,0.9846848495396388,1.0,False,0.4078395510782879,False,False,False
sign_flip,123,8,False,client_02,0.2319922630560928,0.2773735006629459,1.5551094608583158,1.0,1.0,False,0.5507271469960922,False,False,False
sign_flip,123,8,True,client_03,0.1636105738233398,0.0,1.7323602626899874,1.113979630561723,1.0,False,-0.049101886963886,True,False,True
sign_flip,123,8,False,client_04,0.1943520309477756,0.23237026301995,1.3860683124564124,0.8912995177145896,1.0,False,0.6335202735762084,False,False,False
sign_flip,123,9,False,client_00,0.2006318504190844,0.2398785113009157,1.7181732686039843,1.1433904732319584,1.0,False,0.2730277405213154,False,False,False
sign_flip,123,9,False,client_01,0.2094132817537073,0.2503777250161882,1.5006553837332075,0.9986391365283632,1.0,False,0.3808697362240315,False,False,False
sign_flip,123,9,False,client_02,0.2319922630560928,0.2773735006629459,1.5027003537534462,1.0,1.0,False,0.5661093955641804,False,False,False
sign_flip,123,9,True,client_03,0.1636105738233398,0.0,1.7293287392864831,1.150814089427053,1.0,False,-0.0352429634831953,True,False,True
sign_flip,123,9,False,client_04,0.1943520309477756,0.23237026301995,1.3149180390011594,0.8750367534796648,1.0,False,0.6027744041878171,False,False,False
sign_flip,123,10,False,client_00,0.2006318504190844,0.2398785113009157,1.7010031468091436,1.173944292446943,1.0,False,0.2762799378473318,False,False,False
sign_flip,123,10,False,client_01,0.2094132817537073,0.2503777250161882,1.4489641099268953,1.0,1.0,False,0.3905008883660185,False,False,False
sign_flip,123,10,False,client_02,0.2319922630560928,0.2773735006629459,1.4319427869696375,0.9882527642743916,1.0,False,0.5546207937342845,False,False,False
sign_flip,123,10,True,client_03,0.1636105738233398,0.0,1.7070250046743551,1.1781002669282676,1.0,False,-0.0342352121993996,True,False,True
sign_flip,123,10,False,client_04,0.1943520309477756,0.23237026301995,1.300875793235046,0.8977971119662026,1.0,False,0.6174037740374014,False,False,False
sign_flip,123,11,False,client_00,0.2006318504190844,0.2398785113009157,1.7129773452422916,1.2198848408153118,1.0,False,0.2798258539483437,False,False,False
sign_flip,123,11,False,client_01,0.2094132817537073,0.2503777250161882,1.4042123386806091,1.0,1.0,False,0.3760677222300788,False,False,False
sign_flip,123,11,False,client_02,0.2319922630560928,0.2773735006629459,1.387121103515037,0.9878285963634026,1.0,False,0.5240650896542892,False,False,False
sign_flip,123,11,True,client_03,0.1636105738233398,0.0,1.6857207362639637,1.2004742372851234,1.0,False,-0.0070864670081357,True,False,True
sign_flip,123,11,False,client_04,0.1943520309477756,0.23237026301995,1.2578485659499965,0.8957680624939277,1.0,False,0.5892456428043045,False,False,False
sign_flip,123,12,False,client_00,0.2006318504190844,0.2398785113009157,1.674908807520766,1.1648665119535622,1.0,False,0.3158644845238906,False,False,False
sign_flip,123,12,False,client_01,0.2094132817537073,0.2503777250161882,1.3869111554185318,0.9645697441840216,1.0,False,0.3994393000683665,False,False,False
sign_flip,123,12,False,client_02,0.2319922630560928,0.2773735006629459,1.4378547158264747,1.0,1.0,False,0.5789975519061262,False,False,False
sign_flip,123,12,True,client_03,0.1636105738233398,0.0,1.6739395273120437,1.1641923964131995,1.0,False,-0.0627674489621899,True,False,True
sign_flip,123,12,False,client_04,0.1943520309477756,0.23237026301995,1.2151939101491478,0.8451437386361096,1.0,False,0.6068478252781542,False,False,False
sign_flip,123,13,False,client_00,0.2006318504190844,0.2398785113009157,1.6321178450631304,1.1930481081752715,1.0,False,0.2696368230871984,False,False,False
sign_flip,123,13,False,client_01,0.2094132817537073,0.2503777250161882,1.33083363057695,0.9728148920487076,1.0,False,0.3701580578116663,False,False,False
sign_flip,123,13,False,client_02,0.2319922630560928,0.2773735006629459,1.3680234970234366,1.0,1.0,False,0.5426837492176765,False,False,False
sign_flip,123,13,True,client_03,0.1636105738233398,0.0,1.656063724718891,1.2105521055173218,1.0,False,0.0040916529821063,True,False,True
sign_flip,123,13,False,client_04,0.1943520309477756,0.23237026301995,1.2230885317426168,0.8940552076801522,1.0,False,0.5964569256823117,False,False,False
sign_flip,123,14,False,client_00,0.2006318504190844,0.2398785113009157,1.5913974309932046,1.1952579052431187,1.0,False,0.2598207770866951,False,False,False
sign_flip,123,14,False,client_01,0.2094132817537073,0.2503777250161882,1.3314259826372037,1.0,1.0,False,0.393659268890853,False,False,False
sign_flip,123,14,False,client_02,0.2319922630560928,0.2773735006629459,1.3224515097310643,0.9932595029515926,1.0,False,0.512897229332484,False,False,False
sign_flip,123,14,True,client_03,0.1636105738233398,0.0,1.6289624950009731,1.223472063970412,1.0,False,-0.036496449545278,True,False,True
sign_flip,123,14,False,client_04,0.1943520309477756,0.23237026301995,1.2110590562731864,0.9095954803844208,1.0,False,0.5854354233443833,False,False,False
sign_flip,123,15,False,client_00,0.2006318504190844,0.2398785113009157,1.58118864538046,1.2099804601601694,1.0,False,0.255548472927696,False,False,False
sign_flip,123,15,False,client_01,0.2094132817537073,0.2503777250161882,1.3067885783636146,1.0,1.0,False,0.4033801661820979,False,False,False
sign_flip,123,15,False,client_02,0.2319922630560928,0.2773735006629459,1.2870935614209,0.9849286891018156,1.0,False,0.5291044752567526,False,False,False
sign_flip,123,15,True,client_03,0.1636105738233398,0.0,1.6556856792539565,1.266988177481041,1.0,False,-0.00744171071466,True,False,True
sign_flip,123,15,False,client_04,0.1943520309477756,0.23237026301995,1.134696989259517,0.868309539926042,1.0,False,0.5590208988876009,False,False,False
sign_flip,123,16,False,client_00,0.2006318504190844,0.2398785113009157,1.562377680200898,1.207530821320567,1.0,False,0.2449246675129024,False,False,False
sign_flip,123,16,False,client_01,0.2094132817537073,0.2503777250161882,1.29386153348224,1.0,1.0,False,0.3938864842659773,False,False,False
sign_flip,123,16,False,client_02,0.2319922630560928,0.2773735006629459,1.2390453271290944,0.95763363780851,1.0,False,0.5269734036632556,False,False,False
sign_flip,123,16,True,client_03,0.1636105738233398,0.0,1.6048668528779986,1.240369862885353,1.0,False,-0.0211762730519115,True,False,True
sign_flip,123,16,False,client_04,0.1943520309477756,0.23237026301995,1.1307369723715992,0.8739242516379518,1.0,False,0.577696498871618,False,False,False
sign_flip,123,17,False,client_00,0.2006318504190844,0.2398785113009157,1.5555963227701826,1.2123731054060636,1.0,False,0.2390013685546239,False,False,False
sign_flip,123,17,False,client_01,0.2094132817537073,0.2503777250161882,1.2831003226924622,1.0,1.0,False,0.3922405512766135,False,False,False
sign_flip,123,17,False,client_02,0.2319922630560928,0.2773735006629459,1.249679761023262,0.9739532746753032,1.0,False,0.5165109016339646,False,False,False
sign_flip,123,17,True,client_03,0.1636105738233398,0.0,1.6246837620342425,1.2662172499691997,1.0,False,-0.0144214474902038,True,False,True
sign_flip,123,17,False,client_04,0.1943520309477756,0.23237026301995,1.1283933718295145,0.8794272371950541,1.0,False,0.5673437856276612,False,False,False
sign_flip,123,18,False,client_00,0.2006318504190844,0.2398785113009157,1.5157029171664718,1.1743183653935028,1.0,False,0.2712605580593593,False,False,False
sign_flip,123,18,False,client_01,0.2094132817537073,0.2503777250161882,1.2907086884045915,1.0,1.0,False,0.4215179770486617,False,False,False
sign_flip,123,18,False,client_02,0.2319922630560928,0.2773735006629459,1.2071873742442418,0.9352903448232088,1.0,False,0.4831246073698649,False,False,False
sign_flip,123,18,True,client_03,0.1636105738233398,0.0,1.5909214511519234,1.2325952908230722,1.0,False,-0.0330341359806857,True,False,True
sign_flip,123,18,False,client_04,0.1943520309477756,0.23237026301995,1.1493540547860652,0.890482930123256,1.0,False,0.6041834946975826,False,False,False
sign_flip,123,19,False,client_00,0.2006318504190844,0.2398785113009157,1.5440054851741565,1.233046533336312,1.0,False,0.2373887983551388,False,False,False
sign_flip,123,19,False,client_01,0.2094132817537073,0.2503777250161882,1.2521875236909898,1.0,1.0,False,0.4204836952727022,False,False,False
sign_flip,123,19,False,client_02,0.2319922630560928,0.2773735006629459,1.20553484657699,0.9627430586622642,1.0,False,0.4822360922936149,False,False,False
sign_flip,123,19,True,client_03,0.1636105738233398,0.0,1.5764442742774802,1.258952229160294,1.0,False,-0.0509359205720714,True,False,True
sign_flip,123,19,False,client_04,0.1943520309477756,0.23237026301995,1.0905000130969902,0.8708759610402409,1.0,False,0.5883863636885827,False,False,False
sign_flip,123,20,False,client_00,0.2006318504190844,0.2398785113009157,1.4731002881826123,1.1637556381386225,1.0,False,0.2064382291774562,False,False,False
sign_flip,123,20,False,client_01,0.2094132817537073,0.2503777250161882,1.265815812105343,1.0,1.0,False,0.4227428580440941,False,False,False
sign_flip,123,20,False,client_02,0.2319922630560928,0.2773735006629459,1.168448507002598,0.9230794052565982,1.0,False,0.5237687959098044,False,False,False
sign_flip,123,20,True,client_03,0.1636105738233398,0.0,1.5831078521953772,1.2506620924274157,1.0,False,-0.0395502711237819,True,False,True
sign_flip,123,20,False,client_04,0.1943520309477756,0.23237026301995,1.1070145038491244,0.8745462754236766,1.0,False,0.6053858914263149,False,False,False
sign_flip,2024,1,False,client_00,0.1808510638297872,0.2317071155974822,2.821901516793204,1.0,0.9224276554335736,True,0.6367808757764784,False,False,False
sign_flip,2024,1,True,client_01,0.2194842037395228,0.0,3.1836434508386047,1.1281908429095298,0.8176166835875868,True,-0.3018343193299109,True,False,True
sign_flip,2024,1,False,client_02,0.2330883301096067,0.2986337127657816,3.325627510718409,1.1785058730531597,0.7827094259987328,True,0.6474460968594968,False,False,False
sign_flip,2024,1,False,client_03,0.185892972275951,0.2381668291232301,2.7689534692986117,0.981236748632262,0.9400663567883472,True,0.7292665700382379,False,False,False
sign_flip,2024,1,False,client_04,0.1806834300451321,0.2314923425135059,2.756760692746885,0.9769159824824986,0.9442241420695552,True,0.7972007268421285,False,False,False
sign_flip,2024,2,False,client_00,0.1808510638297872,0.2317071155974822,2.50864691379972,1.0,1.0,False,0.5357838514788,False,False,False
sign_flip,2024,2,True,client_01,0.2194842037395228,0.0,2.614522114159675,1.042204106037223,0.9955930324332414,True,-0.2521244852733025,True,False,True
sign_flip,2024,2,False,client_02,0.2330883301096067,0.2986337127657816,2.6862512268622782,1.0707968555022955,0.9690083987566864,True,0.616476356143229,False,False,False
sign_flip,2024,2,False,client_03,0.185892972275951,0.2381668291232301,2.1758833550119103,0.8673533700747907,1.0,False,0.7020619827087625,False,False,False
sign_flip,2024,2,False,client_04,0.1806834300451321,0.2314923425135059,2.35092187446556,0.937127445689333,1.0,False,0.7664300570765804,False,False,False
sign_flip,2024,3,False,client_00,0.1808510638297872,0.2317071155974822,2.180516849507844,1.0,1.0,False,0.4099682003186603,False,False,False
sign_flip,2024,3,True,client_01,0.2194842037395228,0.0,2.3563745437384247,1.080649546124935,1.0,False,-0.1205517469481117,True,False,True
sign_flip,2024,3,False,client_02,0.2330883301096067,0.2986337127657816,2.246772119116001,1.0303851215931266,1.0,False,0.5746684341850691,False,False,False
sign_flip,2024,3,False,client_03,0.185892972275951,0.2381668291232301,1.9198409835028687,0.8804522578838082,1.0,False,0.6134773518283614,False,False,False
sign_flip,2024,3,False,client_04,0.1806834300451321,0.2314923425135059,1.9930893915654428,0.914044480791467,1.0,False,0.7405663544274073,False,False,False
sign_flip,2024,4,False,client_00,0.1808510638297872,0.2317071155974822,1.9635233552823577,1.0277585202676789,1.0,False,0.3462468349959502,False,False,False
sign_flip,2024,4,True,client_01,0.2194842037395228,0.0,2.217164795419807,1.1605209600384758,1.0,False,-0.0669333408484253,True,False,True
sign_flip,2024,4,False,client_02,0.2330883301096067,0.2986337127657816,1.9104909534303447,1.0,1.0,False,0.5261659938355059,False,False,False
sign_flip,2024,4,False,client_03,0.185892972275951,0.2381668291232301,1.7312347994539596,0.906172728190874,1.0,False,0.6073667169815281,False,False,False
sign_flip,2024,4,False,client_04,0.1806834300451321,0.2314923425135059,1.7118037836120732,0.8960020357795871,1.0,False,0.7241630828650898,False,False,False
sign_flip,2024,5,False,client_00,0.1808510638297872,0.2317071155974822,1.855962458576824,1.0471664370943763,1.0,False,0.3082761268457463,False,False,False
sign_flip,2024,5,True,client_01,0.2194842037395228,0.0,2.12550901722216,1.1992493136327993,1.0,False,-0.010797429600337,True,False,True
sign_flip,2024,5,False,client_02,0.2330883301096067,0.2986337127657816,1.7723662570074843,1.0,1.0,False,0.4953950645394419,False,False,False
sign_flip,2024,5,False,client_03,0.185892972275951,0.2381668291232301,1.595477892093042,0.9001964948186805,1.0,False,0.5910806380860562,False,False,False
sign_flip,2024,5,False,client_04,0.1806834300451321,0.2314923425135059,1.557035303457411,0.8785065148364736,1.0,False,0.721604343326134,False,False,False
sign_flip,2024,6,False,client_00,0.1808510638297872,0.2317071155974822,1.7699229609389018,1.0680459834287102,1.0,False,0.3042274305044082,False,False,False
sign_flip,2024,6,True,client_01,0.2194842037395228,0.0,2.08024914200086,1.2553098579310065,1.0,False,0.0229693832265729,True,False,True
sign_flip,2024,6,False,client_02,0.2330883301096067,0.2986337127657816,1.6571598867466182,1.0,1.0,False,0.4730578261995224,False,False,False
sign_flip,2024,6,False,client_03,0.185892972275951,0.2381668291232301,1.5932939377721402,0.9614605992546312,1.0,False,0.6112256822995062,False,False,False
sign_flip,2024,6,False,client_04,0.1806834300451321,0.2314923425135059,1.4493093963496582,0.8745742688685171,1.0,False,0.7087019244711675,False,False,False
sign_flip,2024,7,False,client_00,0.1808510638297872,0.2317071155974822,1.7040355546476444,1.091508282536556,1.0,False,0.2970722057043942,False,False,False
sign_flip,2024,7,True,client_01,0.2194842037395228,0.0,2.0376594828173573,1.3052088006134346,1.0,False,0.0388146106295359,True,False,True
sign_flip,2024,7,False,client_02,0.2330883301096067,0.2986337127657816,1.5611751022975622,1.0,1.0,False,0.4676191817168824,False,False,False
sign_flip,2024,7,False,client_03,0.185892972275951,0.2381668291232301,1.4819087744528694,0.9492264975735024,1.0,False,0.594742279544489,False,False,False
sign_flip,2024,7,False,client_04,0.1806834300451321,0.2314923425135059,1.3878506172383194,0.8889781903361363,1.0,False,0.7170508694279197,False,False,False
sign_flip,2024,8,False,client_00,0.1808510638297872,0.2317071155974822,1.6666320707001274,1.1245522087856736,1.0,False,0.2791610139248111,False,False,False
sign_flip,2024,8,True,client_01,0.2194842037395228,0.0,2.019208898909671,1.3624517775627998,1.0,False,0.0576074769470202,True,False,True
sign_flip,2024,8,False,client_02,0.2330883301096067,0.2986337127657816,1.4820406359788387,1.0,1.0,False,0.4615732804679168,False,False,False
sign_flip,2024,8,False,client_03,0.185892972275951,0.2381668291232301,1.4331023947991723,0.966979150239464,1.0,False,0.6142714598723356,False,False,False
sign_flip,2024,8,False,client_04,0.1806834300451321,0.2314923425135059,1.364100951133948,0.920420748269837,1.0,False,0.7233538994675203,False,False,False
sign_flip,2024,9,False,client_00,0.1808510638297872,0.2317071155974822,1.624309645021641,1.0781157141669964,1.0,False,0.2976711813161631,False,False,False
sign_flip,2024,9,True,client_01,0.2194842037395228,0.0,1.986525958572648,1.3185323741085666,1.0,False,0.0544252157944933,True,False,True
sign_flip,2024,9,False,client_02,0.2330883301096067,0.2986337127657816,1.5066190239854358,1.0,1.0,False,0.4659369276944622,False,False,False
sign_flip,2024,9,False,client_03,0.185892972275951,0.2381668291232301,1.453674502375953,0.9648587195790018,1.0,False,0.5948650681613025,False,False,False
sign_flip,2024,9,False,client_04,0.1806834300451321,0.2314923425135059,1.340233845995435,0.8895638676127529,1.0,False,0.726824351943161,False,False,False
sign_flip,2024,10,False,client_00,0.1808510638297872,0.2317071155974822,1.6002949488897362,1.115663124563235,1.0,False,0.3042029288200528,False,False,False
sign_flip,2024,10,True,client_01,0.2194842037395228,0.0,1.9912076022211087,1.388192155883094,1.0,False,0.0736353760970035,True,False,True
sign_flip,2024,10,False,client_02,0.2330883301096067,0.2986337127657816,1.4339801907761447,0.999714972113762,1.0,False,0.4618174763383391,False,False,False
sign_flip,2024,10,False,client_03,0.185892972275951,0.2381668291232301,1.4343890316498789,1.0,1.0,False,0.630033269053951,False,False,False
sign_flip,2024,10,False,client_04,0.1806834300451321,0.2314923425135059,1.2836017830436772,0.8948770206136047,1.0,False,0.7124549507072375,False,False,False
sign_flip,2024,11,False,client_00,0.1808510638297872,0.2317071155974822,1.5536050857756851,1.0487740809718569,1.0,False,0.2992803380520508,False,False,False
sign_flip,2024,11,True,client_01,0.2194842037395228,0.0,1.9694411287758185,1.3294876727497138,1.0,False,0.0902541708233082,True,False,True
sign_flip,2024,11,False,client_02,0.2330883301096067,0.2986337127657816,1.4112795419831368,0.9526960346546208,1.0,False,0.4261929107186921,False,False,False
sign_flip,2024,11,False,client_03,0.185892972275951,0.2381668291232301,1.4813534334639753,1.0,1.0,False,0.6548255338076748,False,False,False
sign_flip,2024,11,False,client_04,0.1806834300451321,0.2314923425135059,1.2375611846587489,0.8354260075293807,1.0,False,0.7196514156759855,False,False,False
sign_flip,2024,12,False,client_00,0.1808510638297872,0.2317071155974822,1.5479890963119023,1.0801499991250465,1.0,False,0.301388746664352,False,False,False
sign_flip,2024,12,True,client_01,0.2194842037395228,0.0,1.940471187701074,1.354014674064069,1.0,False,0.0679089309851061,True,False,True
sign_flip,2024,12,False,client_02,0.2330883301096067,0.2986337127657816,1.4331241934600003,1.0,1.0,False,0.4499545383678138,False,False,False
sign_flip,2024,12,False,client_03,0.185892972275951,0.2381668291232301,1.4254892324696815,0.9946725056871132,1.0,False,0.5734710666474585,False,False,False
sign_flip,2024,12,False,client_04,0.1806834300451321,0.2314923425135059,1.2382592310171716,0.8640278607171057,1.0,False,0.7232808518171051,False,False,False
sign_flip,2024,13,False,client_00,0.1808510638297872,0.2317071155974822,1.5173072116888866,1.0315890488267498,1.0,False,0.2789626180660021,False,False,False
sign_flip,2024,13,True,client_01,0.2194842037395228,0.0,1.902731292701132,1.293631737389329,1.0,False,0.0877761186635135,True,False,True
sign_flip,2024,13,False,client_02,0.2330883301096067,0.2986337127657816,1.413094892289663,0.9607370245188884,1.0,False,0.448822645994366,False,False,False
sign_flip,2024,13,False,client_03,0.185892972275951,0.2381668291232301,1.470844628890308,1.0,1.0,False,0.6188097332862242,False,False,False
sign_flip,2024,13,False,client_04,0.1806834300451321,0.2314923425135059,1.2027652032333471,0.8177377675443424,1.0,False,0.733498347619224,False,False,False
sign_flip,2024,14,False,client_00,0.1808510638297872,0.2317071155974822,1.4719547282243064,1.0485717043518517,1.0,False,0.2676193626357988,False,False,False
sign_flip,2024,14,True,client_01,0.2194842037395228,0.0,1.8972580731976008,1.3515436944232966,1.0,False,0.1201977726770984,True,False,True
sign_flip,2024,14,False,client_02,0.2330883301096067,0.2986337127657816,1.4037711699784596,1.0,1.0,False,0.421002966908811,False,False,False
sign_flip,2024,14,False,client_03,0.185892972275951,0.2381668291232301,1.399302168704995,0.996816431788143,1.0,False,0.6251474374448435,False,False,False
sign_flip,2024,14,False,client_04,0.1806834300451321,0.2314923425135059,1.1199005059248226,0.7977799586395602,1.0,False,0.7009693480562583,False,False,False
sign_flip,2024,15,False,client_00,0.1808510638297872,0.2317071155974822,1.4777282200313102,1.0560471543735326,1.0,False,0.3098157554901496,False,False,False
sign_flip,2024,15,True,client_01,0.2194842037395228,0.0,1.9414117235440107,1.387415018759422,1.0,False,0.1121489784836012,True,False,True
sign_flip,2024,15,False,client_02,0.2330883301096067,0.2986337127657816,1.3649075262071704,0.9754207096373644,1.0,False,0.4098638045293253,False,False,False
sign_flip,2024,15,False,client_03,0.185892972275951,0.2381668291232301,1.3993013606555542,1.0,1.0,False,0.6636236346656081,False,False,False
sign_flip,2024,15,False,client_04,0.1806834300451321,0.2314923425135059,1.102088655088275,0.7875992163489078,1.0,False,0.7141974339972116,False,False,False
sign_flip,2024,16,False,client_00,0.1808510638297872,0.2317071155974822,1.4784260803235387,1.076091312389977,1.0,False,0.26979921941569,False,False,False
sign_flip,2024,16,True,client_01,0.2194842037395228,0.0,1.871613119739916,1.3622775227737294,1.0,False,0.1190995664748972,True,False,True
sign_flip,2024,16,False,client_02,0.2330883301096067,0.2986337127657816,1.320944934599366,0.9614666483405462,1.0,False,0.4033540728906664,False,False,False
sign_flip,2024,16,False,client_03,0.185892972275951,0.2381668291232301,1.3738853416072885,1.0,1.0,False,0.6195164891900541,False,False,False
sign_flip,2024,16,False,client_04,0.1806834300451321,0.2314923425135059,1.1058756978153412,0.8049257564110797,1.0,False,0.6847445604819516,False,False,False
sign_flip,2024,17,False,client_00,0.1808510638297872,0.2317071155974822,1.4541776158267812,1.0453116681698142,1.0,False,0.26911607247387,False,False,False
sign_flip,2024,17,True,client_01,0.2194842037395228,0.0,1.8582753541202848,1.3357906827839052,1.0,False,0.135228250787748,True,False,True
sign_flip,2024,17,False,client_02,0.2330883301096067,0.2986337127657816,1.3892123510357648,0.9986124557952784,1.0,False,0.4180855824963851,False,False,False
sign_flip,2024,17,False,client_03,0.185892972275951,0.2381668291232301,1.391142622920139,1.0,1.0,False,0.6293597899201706,False,False,False
sign_flip,2024,17,False,client_04,0.1806834300451321,0.2314923425135059,1.0841067122485786,0.7792922841893356,1.0,False,0.6755032788677359,False,False,False
sign_flip,2024,18,False,client_00,0.1808510638297872,0.2317071155974822,1.4156187808195149,1.004356870654504,1.0,False,0.2830689710047992,False,False,False
sign_flip,2024,18,True,client_01,0.2194842037395228,0.0,1.8446687314657428,1.3087603383282314,1.0,False,0.1131035554996982,True,False,True
sign_flip,2024,18,False,client_02,0.2330883301096067,0.2986337127657816,1.3720658197497244,0.973456803291404,1.0,False,0.4106479270379048,False,False,False
sign_flip,2024,18,False,client_03,0.185892972275951,0.2381668291232301,1.4094778680580005,1.0,1.0,False,0.6334893470409799,False,False,False
sign_flip,2024,18,False,client_04,0.1806834300451321,0.2314923425135059,1.1169417080159934,0.79245068924348,1.0,False,0.6706492827467966,False,False,False
sign_flip,2024,19,False,client_00,0.1808510638297872,0.2317071155974822,1.4350065702193904,1.0549943781145328,1.0,False,0.2711928722334444,False,False,False
sign_flip,2024,19,True,client_01,0.2194842037395228,0.0,1.8311563558402395,1.3462375022887845,1.0,False,0.1299791576612527,True,False,True
sign_flip,2024,19,False,client_02,0.2330883301096067,0.2986337127657816,1.350053221537824,0.9925380053556584,1.0,False,0.3923920566262911,False,False,False
sign_flip,2024,19,False,client_03,0.185892972275951,0.2381668291232301,1.3602030494077215,1.0,1.0,False,0.6447971417178329,False,False,False
sign_flip,2024,19,False,client_04,0.1806834300451321,0.2314923425135059,1.0612254568147417,0.7801963517702999,1.0,False,0.674859336934586,False,False,False
sign_flip,2024,20,False,client_00,0.1808510638297872,0.2317071155974822,1.3956777166793113,1.0465818033890266,1.0,False,0.2458553028735943,False,False,False
sign_flip,2024,20,True,client_01,0.2194842037395228,0.0,1.820292139821688,1.364988928047197,1.0,False,0.1685834401417505,True,False,True
sign_flip,2024,20,False,client_02,0.2330883301096067,0.2986337127657816,1.2817836226730692,0.9611756348474672,1.0,False,0.3940294469076328,False,False,False
sign_flip,2024,20,False,client_03,0.185892972275951,0.2381668291232301,1.3335581720987764,1.0,1.0,False,0.6218561072517619,False,False,False
sign_flip,2024,20,False,client_04,0.1806834300451321,0.2314923425135059,1.0525697958555496,0.789294248933286,1.0,False,0.649505527552942,False,False,False
scaled,42,1,False,client_00,0.2115538362346873,0.2500419124258912,3.2143568999755643,1.0,0.8098042877627524,True,0.7173445980734383,False,False,False
scaled,42,1,False,client_01,0.2411089619600258,0.2849740142959474,3.299014083587721,1.026337207175967,0.7890236094928106,True,0.710426578348313,False,False,False
scaled,42,1,False,client_02,0.2135783365570599,0.2524347309222258,3.161231276408601,0.9834723942548612,0.8234133387915882,True,0.6756455044849206,False,False,False
scaled,42,1,False,client_03,0.1798323662153449,0.2125493423559355,2.814323823894068,0.8755480214146296,0.9249113331948888,True,0.7416053143289436,False,False,False
scaled,42,1,True,client_04,0.153926499032882,0.0,26.38574443648029,8.208716473482108,0.0986517551652306,True,0.6745419212516305,False,True,True
scaled,42,2,False,client_00,0.2115538362346873,0.2500419124258912,2.614152158378556,1.0043797199986202,0.9957339291277242,True,0.6672358619757169,False,False,False
scaled,42,2,False,client_01,0.2411089619600258,0.2849740142959474,2.6027528297585967,1.0,1.0,False,0.6291339841464255,False,False,False
scaled,42,2,False,client_02,0.2135783365570599,0.2524347309222258,2.552733886388218,0.9807822921952148,1.0,False,0.6370311349938859,False,False,False
scaled,42,2,False,client_03,0.1798323662153449,0.2125493423559355,2.3753050595106764,0.912612612443489,1.0,False,0.6933854696452348,False,False,False
scaled,42,2,True,client_04,0.153926499032882,0.0,23.793655086519504,9.141726718908744,0.1093989128839121,True,0.6196753702006416,False,True,True
scaled,42,3,False,client_00,0.2115538362346873,0.2500419124258912,2.1735020386842083,1.0135386076895598,1.0,False,0.6251562558565207,False,False,False
scaled,42,3,False,client_01,0.2411089619600258,0.2849740142959474,2.1444689153370047,1.0,1.0,False,0.5434469105758355,False,False,False
scaled,42,3,False,client_02,0.2135783365570599,0.2524347309222258,2.1165083630590136,0.9869615492777628,1.0,False,0.5726738391736426,False,False,False
scaled,42,3,False,client_03,0.1798323662153449,0.2125493423559355,2.026026931921002,0.9447686172697964,1.0,False,0.6379411484174986,False,False,False
scaled,42,3,True,client_04,0.153926499032882,0.0,21.75345568942881,10.14398275202336,0.1196591492019789,True,0.5654020016314334,False,True,True
scaled,42,4,False,client_00,0.2115538362346873,0.2500419124258912,1.8880074087207068,0.9990659101642364,1.0,False,0.5991358479452187,False,False,False
scaled,42,4,False,client_01,0.2411089619600258,0.2849740142959474,1.8897726261226728,1.0,1.0,False,0.4807029043608798,False,False,False
scaled,42,4,False,client_02,0.2135783365570599,0.2524347309222258,1.9381151060025577,1.0255811091829985,1.0,False,0.5153232170651556,False,False,False
scaled,42,4,False,client_03,0.1798323662153449,0.2125493423559355,1.8642578270839936,0.9864984820470022,1.0,False,0.6140790879996648,False,False,False
scaled,42,4,True,client_04,0.153926499032882,0.0,20.425199696563865,10.80828424235942,0.1274406144698748,True,0.5536416237880144,False,True,True
scaled,42,5,False,client_00,0.2115538362346873,0.2500419124258912,1.6750633773916743,0.9650630567796354,1.0,False,0.5737261923049531,False,False,False
scaled,42,5,False,client_01,0.2411089619600258,0.2849740142959474,1.7133414042462556,0.987116377329988,1.0,False,0.4394745503520254,False,False,False
scaled,42,5,False,client_02,0.2135783365570599,0.2524347309222258,1.830417069970845,1.0545677952068555,1.0,False,0.4841039622832386,False,False,False
scaled,42,5,False,client_03,0.1798323662153449,0.2125493423559355,1.735703553901724,1.0,1.0,False,0.5996230211835459,False,False,False
scaled,42,5,True,client_04,0.153926499032882,0.0,19.86613116441076,11.44557843403228,0.1310270217415635,True,0.5378839570980933,False,True,True
scaled,42,6,False,client_00,0.2115538362346873,0.2500419124258912,1.5685543377527438,0.9469806123363352,1.0,False,0.5453553416208924,False,False,False
scaled,42,6,False,client_01,0.2411089619600258,0.2849740142959474,1.5682961897547256,0.94682476108952,1.0,False,0.4478659295610239,False,False,False
scaled,42,6,False,client_02,0.2135783365570599,0.2524347309222258,1.7152651412277609,1.0355540733680868,1.0,False,0.459121997082983,False,False,False
scaled,42,6,False,client_03,0.1798323662153449,0.2125493423559355,1.6563742882580226,1.0,1.0,False,0.6236303519564841,False,False,False
scaled,42,6,True,client_04,0.153926499032882,0.0,19.38323200158248,11.702205316147149,0.1342913297321874,True,0.5309953562816956,False,True,True
scaled,42,7,False,client_00,0.2115538362346873,0.2500419124258912,1.50662603803065,0.94563330931255,1.0,False,0.5454047325930286,False,False,False
scaled,42,7,False,client_01,0.2411089619600258,0.2849740142959474,1.5289180124049966,0.9596248592835556,1.0,False,0.4423525207935845,False,False,False
scaled,42,7,False,client_02,0.2135783365570599,0.2524347309222258,1.684350848073661,1.0571822245878997,1.0,False,0.4681613824745607,False,False,False
scaled,42,7,False,client_03,0.1798323662153449,0.2125493423559355,1.593245524658947,1.0,1.0,False,0.6148113156932916,False,False,False
scaled,42,7,True,client_04,0.153926499032882,0.0,18.90486955758956,11.865634809572976,0.1376893922526431,True,0.5197565470475703,False,True,True
scaled,42,8,False,client_00,0.2115538362346873,0.2500419124258912,1.447162703879272,0.9236221776748594,1.0,False,0.5108750480308732,False,False,False
scaled,42,8,False,client_01,0.2411089619600258,0.2849740142959474,1.4331367880007335,0.9146704219856796,1.0,False,0.4238617898811036,False,False,False
scaled,42,8,False,client_02,0.2135783365570599,0.2524347309222258,1.6116304098979386,1.028590347724398,1.0,False,0.4244387956417195,False,False,False
scaled,42,8,False,client_03,0.1798323662153449,0.2125493423559355,1.5668340787597603,1.0,1.0,False,0.6030863538646573,False,False,False
scaled,42,8,True,client_04,0.153926499032882,0.0,18.521005025755677,11.820654960744866,0.1405431290785903,True,0.5187944393576372,False,True,True
scaled,42,9,False,client_00,0.2115538362346873,0.2500419124258912,1.3928682504707466,0.8866448251958248,1.0,False,0.5246269427867104,False,False,False
scaled,42,9,False,client_01,0.2411089619600258,0.2849740142959474,1.4405133956312772,0.9169738397225118,1.0,False,0.4598779330199194,False,False,False
scaled,42,9,False,client_02,0.2135783365570599,0.2524347309222258,1.5709427392903546,1.0,1.0,False,0.4257414325865422,False,False,False
scaled,42,9,False,client_03,0.1798323662153449,0.2125493423559355,1.5714598698734388,1.0003291848710654,1.0,False,0.6111668857997213,False,False,False
scaled,42,9,True,client_04,0.153926499032882,0.0,17.759890995844184,11.305244011546147,0.1465662148832502,True,0.5044072249147157,False,True,True
scaled,42,10,False,client_00,0.2115538362346873,0.2500419124258912,1.4033578595674627,0.9033736606167756,1.0,False,0.5551312098668335,False,False,False
scaled,42,10,False,client_01,0.2411089619600258,0.2849740142959474,1.3482075753518017,0.8678721569936635,1.0,False,0.4065504683839629,False,False,False
scaled,42,10,False,client_02,0.2135783365570599,0.2524347309222258,1.5534633349939873,1.0,1.0,False,0.3944554026294442,False,False,False
scaled,42,10,False,client_03,0.1798323662153449,0.2125493423559355,1.5713488151060888,1.0115132940116485,1.0,False,0.6056895773182286,False,False,False
scaled,42,10,True,client_04,0.153926499032882,0.0,17.67678886329776,11.378954665425804,0.1472552520783114,True,0.5173205149699512,False,True,True
scaled,42,11,False,client_00,0.2115538362346873,0.2500419124258912,1.3656191104122577,0.9003895095246476,1.0,False,0.5495010262532927,False,False,False
scaled,42,11,False,client_01,0.2411089619600258,0.2849740142959474,1.4501320997422025,0.9561112026607952,1.0,False,0.4734421131594263,False,False,False
scaled,42,11,False,client_02,0.2135783365570599,0.2524347309222258,1.5166981578153036,1.0,1.0,False,0.4074300525750564,False,False,False
scaled,42,11,False,client_03,0.1798323662153449,0.2125493423559355,1.5968074239228436,1.0528181996495147,1.0,False,0.6295781644463417,False,False,False
scaled,42,11,True,client_04,0.153926499032882,0.0,17.668243921513493,11.649149720708667,0.1473264695440667,True,0.5089923723726368,False,True,True
scaled,42,12,False,client_00,0.2115538362346873,0.2500419124258912,1.3618021274935492,0.902986987676182,1.0,False,0.5555149695701522,False,False,False
scaled,42,12,False,client_01,0.2411089619600258,0.2849740142959474,1.3326893257638937,0.8836828019902186,1.0,False,0.4508826471351226,False,False,False
scaled,42,12,False,client_02,0.2135783365570599,0.2524347309222258,1.5081082519230071,1.0,1.0,False,0.4161468473131746,False,False,False
scaled,42,12,False,client_03,0.1798323662153449,0.2125493423559355,1.6023620284423346,1.0624980178970196,1.0,False,0.6530745258635027,False,False,False
scaled,42,12,True,client_04,0.153926499032882,0.0,17.390878067535333,11.53158471572582,0.1496761687300417,True,0.4886973958808903,False,True,True
scaled,42,13,False,client_00,0.2115538362346873,0.2500419124258912,1.3567786465118967,0.909717274618269,1.0,False,0.5572639579706135,False,False,False
scaled,42,13,False,client_01,0.2411089619600258,0.2849740142959474,1.3840113637553997,0.9279767551716374,1.0,False,0.4248197576266947,False,False,False
scaled,42,13,False,client_02,0.2135783365570599,0.2524347309222258,1.4914289135393426,1.0,1.0,False,0.4063739872946217,False,False,False
scaled,42,13,False,client_03,0.1798323662153449,0.2125493423559355,1.5753362298044933,1.056259681908693,1.0,False,0.6206358331281094,False,False,False
scaled,42,13,True,client_04,0.153926499032882,0.0,17.444850467442937,11.696736136115383,0.1492130875445416,True,0.4926759475464001,False,True,True
scaled,42,14,False,client_00,0.2115538362346873,0.2500419124258912,1.346627787174293,0.9044288065377688,1.0,False,0.5610427559602146,False,False,False
scaled,42,14,False,client_01,0.2411089619600258,0.2849740142959474,1.3564822582147502,0.9110473150573972,1.0,False,0.449372834599093,False,False,False
scaled,42,14,False,client_02,0.2135783365570599,0.2524347309222258,1.4889262454269896,1.0,1.0,False,0.3793972298513992,False,False,False
scaled,42,14,False,client_03,0.1798323662153449,0.2125493423559355,1.6154686277368744,1.0849890199051433,1.0,False,0.6835782899146535,False,False,False
scaled,42,14,True,client_04,0.153926499032882,0.0,17.33252222438446,11.640954196098471,0.1501801045630819,True,0.4788257930961019,False,True,True
scaled,42,15,False,client_00,0.2115538362346873,0.2500419124258912,1.414424396452838,0.9305481119078596,1.0,False,0.590197171360748,False,False,False
scaled,42,15,False,client_01,0.2411089619600258,0.2849740142959474,1.3338207865083154,0.8775190937185977,1.0,False,0.4202945750710121,False,False,False
scaled,42,15,False,client_02,0.2135783365570599,0.2524347309222258,1.5381167830772793,1.0119251845314712,1.0,False,0.4270985873630832,False,False,False
scaled,42,15,False,client_03,0.1798323662153449,0.2125493423559355,1.519990614513106,1.0,1.0,False,0.6362651512388401,False,False,False
scaled,42,15,True,client_04,0.153926499032882,0.0,17.35255471395922,11.41622490841347,0.1500067305885526,True,0.4870591841135409,False,True,True
scaled,42,16,False,client_00,0.2115538362346873,0.2500419124258912,1.427479261877879,0.9660322433163828,1.0,False,0.6584837041502312,False,False,False
scaled,42,16,False,client_01,0.2411089619600258,0.2849740142959474,1.2832625233024837,0.868435014964017,1.0,False,0.3866922569094247,False,False,False
scaled,42,16,False,client_02,0.2135783365570599,0.2524347309222258,1.4776724811765618,1.0,1.0,False,0.3547167137352166,False,False,False
scaled,42,16,False,client_03,0.1798323662153449,0.2125493423559355,1.5799054033825322,1.0691851025909136,1.0,False,0.6564488407475143,False,False,False
scaled,42,16,True,client_04,0.153926499032882,0.0,17.11511528488804,11.582482250234866,0.1520877865367547,True,0.5011332047721031,False,True,True
scaled,42,17,False,client_00,0.2115538362346873,0.2500419124258912,1.3510605367032975,0.9349607577087636,1.0,False,0.6234928909873904,False,False,False
scaled,42,17,False,client_01,0.2411089619600258,0.2849740142959474,1.3630845353318717,0.943281603861144,1.0,False,0.435541642614684,False,False,False
scaled,42,17,False,client_02,0.2135783365570599,0.2524347309222258,1.4450451803070723,1.0,1.0,False,0.4016075171243784,False,False,False
scaled,42,17,False,client_03,0.1798323662153449,0.2125493423559355,1.5796454408057796,1.0931460568382398,1.0,False,0.66579540109422,False,False,False
scaled,42,17,True,client_04,0.153926499032882,0.0,16.781655493241495,11.61323931039678,0.155109846048759,True,0.4820717940785531,False,True,True
scaled,42,18,False,client_00,0.2115538362346873,0.2500419124258912,1.4001034365932292,0.9463361479935164,1.0,False,0.6590874423789628,False,False,False
scaled,42,18,False,client_01,0.2411089619600258,0.2849740142959474,1.3655484276711525,0.922980263576314,1.0,False,0.4463876890056011,False,False,False
scaled,42,18,False,client_02,0.2135783365570599,0.2524347309222258,1.479499054920199,1.0,1.0,False,0.3408121127771984,False,False,False
scaled,42,18,False,client_03,0.1798323662153449,0.2125493423559355,1.5383938687552232,1.0398072669523948,1.0,False,0.6816367018725267,False,False,False
scaled,42,18,True,client_04,0.153926499032882,0.0,17.022049278381274,11.505278913003028,0.1529193082119625,True,0.4768354112617612,False,True,True
scaled,42,19,False,client_00,0.2115538362346873,0.2500419124258912,1.286664009675105,0.8800072517032431,1.0,False,0.5841400459723132,False,False,False
scaled,42,19,False,client_01,0.2411089619600258,0.2849740142959474,1.2078014550420673,0.8260696118508309,1.0,False,0.3201720525667812,False,False,False
scaled,42,19,False,client_02,0.2135783365570599,0.2524347309222258,1.4621061442218604,1.0,1.0,False,0.3670125660678029,False,False,False
scaled,42,19,False,client_03,0.1798323662153449,0.2125493423559355,1.525927786196582,1.0436504847660617,1.0,False,0.6823621081377368,False,False,False
scaled,42,19,True,client_04,0.153926499032882,0.0,16.732329266377317,11.443990802242569,0.1555671035729965,True,0.4881010372466269,False,True,True
scaled,42,20,False,client_00,0.2115538362346873,0.2500419124258912,1.2865514882190383,0.8895467577105991,1.0,False,0.562962684870115,False,False,False
scaled,42,20,False,client_01,0.2411089619600258,0.2849740142959474,1.3233034969704789,0.9149578123971482,1.0,False,0.4487710785157881,False,False,False
scaled,42,20,False,client_02,0.2135783365570599,0.2524347309222258,1.4463000140995388,1.0,1.0,False,0.398047837639256,False,False,False
scaled,42,20,False,client_03,0.1798323662153449,0.2125493423559355,1.5227209688643766,1.0528389366105464,1.0,False,0.6486417677952633,False,False,False
scaled,42,20,True,client_04,0.153926499032882,0.0,16.56285461600805,11.451880283856614,0.1571588992566651,True,0.481088751522937,False,True,True
scaled,123,1,False,client_00,0.2006318504190844,0.2398785113009157,2.971202971004138,0.9750124285966598,0.8760761299051539,True,0.6391087387556226,False,False,False
scaled,123,1,False,client_01,0.2094132817537073,0.2503777250161882,3.0473488171639054,1.0,0.8541851150543869,True,0.6281074459690459,False,False,False
scaled,123,1,False,client_02,0.2319922630560928,0.2773735006629459,3.254838413513951,1.0680885611720523,0.799732481094132,True,0.7548511769387106,False,False,False
scaled,123,1,True,client_03,0.1636105738233398,0.0,26.42714961122481,8.672177422675205,0.0984971908924444,True,0.6605588693305902,False,True,True
scaled,123,1,False,client_04,0.1943520309477756,0.23237026301995,2.8245790811997624,0.9268971984075424,0.9215532386136468,True,0.7597332114929695,False,False,False
scaled,123,2,False,client_00,0.2006318504190844,0.2398785113009157,2.5421722310104866,1.0192434263619738,1.0,False,0.5524125196070229,False,False,False
scaled,123,2,False,client_01,0.2094132817537073,0.2503777250161882,2.4344444769368514,0.976051700861673,1.0,False,0.6610389012015325,False,False,False
scaled,123,2,False,client_02,0.2319922630560928,0.2773735006629459,2.494175743751778,1.0,1.0,False,0.6548177320474219,False,False,False
scaled,123,2,True,client_03,0.1636105738233398,0.0,21.067901850296703,8.446839362893504,0.1235528824130791,True,0.6094691200234079,False,True,True
scaled,123,2,False,client_04,0.1943520309477756,0.23237026301995,2.4665642925988926,0.9889296288675504,1.0,False,0.7108583466169509,False,False,False
scaled,123,3,False,client_00,0.2006318504190844,0.2398785113009157,2.1769156830054515,1.0191894177157412,1.0,False,0.4754823915004367,False,False,False
scaled,123,3,False,client_01,0.2094132817537073,0.2503777250161882,2.1359284595835626,1.0,1.0,False,0.6071704143433699,False,False,False
scaled,123,3,False,client_02,0.2319922630560928,0.2773735006629459,2.130927714136056,0.997658748622844,1.0,False,0.6409729930035949,False,False,False
scaled,123,3,True,client_03,0.1636105738233398,0.0,20.379185064483128,9.541136536219202,0.1277283655731902,True,0.575475692449656,False,True,True
scaled,123,3,False,client_04,0.1943520309477756,0.23237026301995,1.974127575385064,0.9242479852391476,1.0,False,0.6597486150853004,False,False,False
scaled,123,4,False,client_00,0.2006318504190844,0.2398785113009157,1.9899895125860672,1.0262271797168532,1.0,False,0.3888245579636232,False,False,False
scaled,123,4,False,client_01,0.2094132817537073,0.2503777250161882,1.8954187721779925,0.9774575436967156,1.0,False,0.5749806832045453,False,False,False
scaled,123,4,False,client_02,0.2319922630560928,0.2773735006629459,1.9391315606502704,1.0,1.0,False,0.6224914641547777,False,False,False
scaled,123,4,True,client_03,0.1636105738233398,0.0,18.868025654061967,9.730142109457876,0.1379582605899,True,0.5842819742088852,False,True,True
scaled,123,4,False,client_04,0.1943520309477756,0.23237026301995,1.6562433728137662,0.8541160416461685,1.0,False,0.5850889223353987,False,False,False
scaled,123,5,False,client_00,0.2006318504190844,0.2398785113009157,1.928241847690058,1.0329686065242476,1.0,False,0.3501928437500578,False,False,False
scaled,123,5,False,client_01,0.2094132817537073,0.2503777250161882,1.7564559170697065,0.9409420417103206,1.0,False,0.5840253032760936,False,False,False
scaled,123,5,False,client_02,0.2319922630560928,0.2773735006629459,1.8666993706403556,1.0,1.0,False,0.6039978070988752,False,False,False
scaled,123,5,True,client_03,0.1636105738233398,0.0,18.66238016110626,9.997528501177074,0.1394784575991458,True,0.5795533004127855,False,True,True
scaled,123,5,False,client_04,0.1943520309477756,0.23237026301995,1.5242923971476985,0.8165709064469244,1.0,False,0.5495127843519059,False,False,False
scaled,123,6,False,client_00,0.2006318504190844,0.2398785113009157,1.8724390128621824,1.0906028349873984,1.0,False,0.3149065870046884,False,False,False
scaled,123,6,False,client_01,0.2094132817537073,0.2503777250161882,1.668591042391321,0.9718715049014492,1.0,False,0.5838210358568817,False,False,False
scaled,123,6,False,client_02,0.2319922630560928,0.2773735006629459,1.7168844173083575,1.0,1.0,False,0.5790949356462003,False,False,False
scaled,123,6,True,client_03,0.1636105738233398,0.0,18.057418726012735,10.517550595701849,0.144151278734553,True,0.5882036224538246,False,True,True
scaled,123,6,False,client_04,0.1943520309477756,0.23237026301995,1.4906014776066625,0.8682014133156093,1.0,False,0.5261351988377341,False,False,False
scaled,123,7,False,client_00,0.2006318504190844,0.2398785113009157,1.833390077721592,1.1396414983521164,1.0,False,0.3103979181875019,False,False,False
scaled,123,7,False,client_01,0.2094132817537073,0.2503777250161882,1.5920897962126186,0.9896484239304312,1.0,False,0.5809871082164673,False,False,False
scaled,123,7,False,client_02,0.2319922630560928,0.2773735006629459,1.6087428198890728,1.0,1.0,False,0.5738198886555033,False,False,False
scaled,123,7,True,client_03,0.1636105738233398,0.0,17.773782491441228,11.048243554968456,0.1464516627934119,True,0.5739049476615973,False,True,True
scaled,123,7,False,client_04,0.1943520309477756,0.23237026301995,1.4259177859799927,0.8863553380634909,1.0,False,0.5012858251344541,False,False,False
scaled,123,8,False,client_00,0.2006318504190844,0.2398785113009157,1.7520332973020372,1.126630209255516,1.0,False,0.3006021662455256,False,False,False
scaled,123,8,False,client_01,0.2094132817537073,0.2503777250161882,1.5312927254829394,0.9846848495396388,1.0,False,0.5761872226363367,False,False,False
scaled,123,8,False,client_02,0.2319922630560928,0.2773735006629459,1.5551094608583158,1.0,1.0,False,0.5851349231148285,False,False,False
scaled,123,8,True,client_03,0.1636105738233398,0.0,17.323602624304222,11.13979630394812,0.1502574294995724,True,0.5841510878709799,False,True,True
scaled,123,8,False,client_04,0.1943520309477756,0.23237026301995,1.3860683124564124,0.8912995177145896,1.0,False,0.4929793109178786,False,False,False
scaled,123,9,False,client_00,0.2006318504190844,0.2398785113009157,1.7181732686039843,1.1433904732319584,1.0,False,0.2938145297852841,False,False,False
scaled,123,9,False,client_01,0.2094132817537073,0.2503777250161882,1.5006553837332075,0.9986391365283632,1.0,False,0.5767425910551514,False,False,False
scaled,123,9,False,client_02,0.2319922630560928,0.2773735006629459,1.5027003537534462,1.0,1.0,False,0.5784670265701972,False,False,False
scaled,123,9,True,client_03,0.1636105738233398,0.0,17.293287385271253,11.508140889217245,0.1505208316966376,True,0.584980245285708,False,True,True
scaled,123,9,False,client_04,0.1943520309477756,0.23237026301995,1.3149180390011594,0.8750367534796648,1.0,False,0.4650917812201727,False,False,False
scaled,123,10,False,client_00,0.2006318504190844,0.2398785113009157,1.7010031468091436,1.173944292446943,1.0,False,0.3131199840809711,False,False,False
scaled,123,10,False,client_01,0.2094132817537073,0.2503777250161882,1.4489641099268953,1.0,1.0,False,0.5753483357701434,False,False,False
scaled,123,10,False,client_02,0.2319922630560928,0.2773735006629459,1.4319427869696375,0.9882527642743916,1.0,False,0.5481696512592095,False,False,False
scaled,123,10,True,client_03,0.1636105738233398,0.0,17.07025005681374,11.7810026762326,0.1524875143209158,True,0.5780997777513288,False,True,True
scaled,123,10,False,client_04,0.1943520309477756,0.23237026301995,1.300875793235046,0.8977971119662026,1.0,False,0.4871819166255495,False,False,False
scaled,123,11,False,client_00,0.2006318504190844,0.2398785113009157,1.7129773452422916,1.2198848408153118,1.0,False,0.3099858491312433,False,False,False
scaled,123,11,False,client_01,0.2094132817537073,0.2503777250161882,1.4042123386806091,1.0,1.0,False,0.5561951431547615,False,False,False
scaled,123,11,False,client_02,0.2319922630560928,0.2773735006629459,1.387121103515037,0.9878285963634026,1.0,False,0.5188747675050858,False,False,False
scaled,123,11,True,client_03,0.1636105738233398,0.0,16.857207353895234,12.004742366623969,0.1544146634346595,True,0.5702859169521477,False,True,True
scaled,123,11,False,client_04,0.1943520309477756,0.23237026301995,1.2578485659499965,0.8957680624939277,1.0,False,0.4784548926100557,False,False,False
scaled,123,12,False,client_00,0.2006318504190844,0.2398785113009157,1.674908807520766,1.1648665119535622,1.0,False,0.3307628433266589,False,False,False
scaled,123,12,False,client_01,0.2094132817537073,0.2503777250161882,1.3869111554185318,0.9645697441840216,1.0,False,0.5657897698403401,False,False,False
scaled,123,12,False,client_02,0.2319922630560928,0.2773735006629459,1.4378547158264747,1.0,1.0,False,0.5757295223826507,False,False,False
scaled,123,12,True,client_03,0.1636105738233398,0.0,16.73939528761108,11.641923974209956,0.1555014357015928,True,0.5774762698046484,False,True,True
scaled,123,12,False,client_04,0.1943520309477756,0.23237026301995,1.2151939101491478,0.8451437386361096,1.0,False,0.4951418909564071,False,False,False
scaled,123,13,False,client_00,0.2006318504190844,0.2398785113009157,1.6321178450631304,1.1930481081752715,1.0,False,0.3060789420057878,False,False,False
scaled,123,13,False,client_01,0.2094132817537073,0.2503777250161882,1.33083363057695,0.9728148920487076,1.0,False,0.5350615597330075,False,False,False
scaled,123,13,False,client_02,0.2319922630560928,0.2773735006629459,1.3680234970234366,1.0,1.0,False,0.5501404124558281,False,False,False
scaled,123,13,True,client_03,0.1636105738233398,0.0,16.560637246603314,12.10552105474516,0.1571799418850196,True,0.5558884313756559,False,True,True
scaled,123,13,False,client_04,0.1943520309477756,0.23237026301995,1.2230885317426168,0.8940552076801522,1.0,False,0.490562267400807,False,False,False
scaled,123,14,False,client_00,0.2006318504190844,0.2398785113009157,1.5913974309932046,1.1952579052431187,1.0,False,0.2961237461501471,False,False,False
scaled,123,14,False,client_01,0.2094132817537073,0.2503777250161882,1.3314259826372037,1.0,1.0,False,0.5508111552029616,False,False,False
scaled,123,14,False,client_02,0.2319922630560928,0.2773735006629459,1.3224515097310643,0.9932595029515926,1.0,False,0.5303979609905062,False,False,False
scaled,123,14,True,client_03,0.1636105738233398,0.0,16.289625009711653,12.234720684544705,0.1597949614216488,True,0.593174990558699,False,True,True
scaled,123,14,False,client_04,0.1943520309477756,0.23237026301995,1.2110590562731864,0.9095954803844208,1.0,False,0.4685840219153503,False,False,False
scaled,123,15,False,client_00,0.2006318504190844,0.2398785113009157,1.58118864538046,1.2099804601601694,1.0,False,0.2954698493507185,False,False,False
scaled,123,15,False,client_01,0.2094132817537073,0.2503777250161882,1.3067885783636146,1.0,1.0,False,0.55460544502908,False,False,False
scaled,123,15,False,client_02,0.2319922630560928,0.2773735006629459,1.2870935614209,0.9849286891018156,1.0,False,0.5463187990015521,False,False,False
scaled,123,15,True,client_03,0.1636105738233398,0.0,16.55685677726172,12.669881763119273,0.1572158311820887,True,0.576607658125257,False,True,True
scaled,123,15,False,client_04,0.1943520309477756,0.23237026301995,1.134696989259517,0.868309539926042,1.0,False,0.4339747361917332,False,False,False
scaled,123,16,False,client_00,0.2006318504190844,0.2398785113009157,1.562377680200898,1.207530821320567,1.0,False,0.3119866698863702,False,False,False
scaled,123,16,False,client_01,0.2094132817537073,0.2503777250161882,1.29386153348224,1.0,1.0,False,0.5598583440754344,False,False,False
scaled,123,16,False,client_02,0.2319922630560928,0.2773735006629459,1.2390453271290944,0.95763363780851,1.0,False,0.5134816736100262,False,False,False
scaled,123,16,True,client_03,0.1636105738233398,0.0,16.048668496957163,12.4036986042583,0.1621941409340924,True,0.5889106764351666,False,True,True
scaled,123,16,False,client_04,0.1943520309477756,0.23237026301995,1.1307369723715992,0.8739242516379518,1.0,False,0.4440628854717773,False,False,False
scaled,123,17,False,client_00,0.2006318504190844,0.2398785113009157,1.5555963227701826,1.2123731054060636,1.0,False,0.2889847362904815,False,False,False
scaled,123,17,False,client_01,0.2094132817537073,0.2503777250161882,1.2831003226924622,1.0,1.0,False,0.5413590963310417,False,False,False
scaled,123,17,False,client_02,0.2319922630560928,0.2773735006629459,1.249679761023262,0.9739532746753032,1.0,False,0.5336570616537238,False,False,False
scaled,123,17,True,client_03,0.1636105738233398,0.0,16.246837602741177,12.662172485974253,0.1602157948301779,True,0.5813072805995302,False,True,True
scaled,123,17,False,client_04,0.1943520309477756,0.23237026301995,1.1283933718295145,0.8794272371950541,1.0,False,0.4536160205087324,False,False,False
scaled,123,18,False,client_00,0.2006318504190844,0.2398785113009157,1.5157029171664718,1.1743183653935028,1.0,False,0.3381928323933803,False,False,False
scaled,123,18,False,client_01,0.2094132817537073,0.2503777250161882,1.2907086884045915,1.0,1.0,False,0.5558783017221879,False,False,False
scaled,123,18,False,client_02,0.2319922630560928,0.2773735006629459,1.2071873742442418,0.9352903448232088,1.0,False,0.4822260984827478,False,False,False
scaled,123,18,True,client_03,0.1636105738233398,0.0,15.909214509669388,12.32595290679752,0.1636158716961126,True,0.5770781744186294,False,True,True
scaled,123,18,False,client_04,0.1943520309477756,0.23237026301995,1.1493540547860652,0.890482930123256,1.0,False,0.4932040859285815,False,False,False
scaled,123,19,False,client_00,0.2006318504190844,0.2398785113009157,1.5440054851741565,1.233046533336312,1.0,False,0.2887506626305974,False,False,False
scaled,123,19,False,client_01,0.2094132817537073,0.2503777250161882,1.2521875236909898,1.0,1.0,False,0.5662409937469656,False,False,False
scaled,123,19,False,client_02,0.2319922630560928,0.2773735006629459,1.20553484657699,0.9627430586622642,1.0,False,0.4855442487787899,False,False,False
scaled,123,19,True,client_03,0.1636105738233398,0.0,15.764442708496553,12.589522264228249,0.1651184281063778,True,0.593093770260107,False,True,True
scaled,123,19,False,client_04,0.1943520309477756,0.23237026301995,1.0905000130969902,0.8708759610402409,1.0,False,0.4780021982351162,False,False,False
scaled,123,20,False,client_00,0.2006318504190844,0.2398785113009157,1.4731002881826123,1.1637556381386225,1.0,False,0.2749510195050313,False,False,False
scaled,123,20,False,client_01,0.2094132817537073,0.2503777250161882,1.265815812105343,1.0,1.0,False,0.5724109384168841,False,False,False
scaled,123,20,False,client_02,0.2319922630560928,0.2773735006629459,1.168448507002598,0.9230794052565982,1.0,False,0.5248895259619633,False,False,False
scaled,123,20,True,client_03,0.1636105738233398,0.0,15.831078512570596,12.506620916861406,0.1644234154945981,True,0.587256574372505,False,True,True
scaled,123,20,False,client_04,0.1943520309477756,0.23237026301995,1.1070145038491244,0.8745462754236766,1.0,False,0.4760671711087882,False,False,False
scaled,2024,1,False,client_00,0.1808510638297872,0.2317071155974822,2.821901516793204,1.0,0.9224276554335736,True,0.6258788487614458,False,False,False
scaled,2024,1,True,client_01,0.2194842037395228,0.0,31.836434511607887,11.281908430237024,0.0817616683504844,True,0.6175364648905434,False,True,True
scaled,2024,1,False,client_02,0.2330883301096067,0.2986337127657816,3.325627510718409,1.1785058730531597,0.7827094259987328,True,0.6526993453508542,False,False,False
scaled,2024,1,False,client_03,0.185892972275951,0.2381668291232301,2.7689534692986117,0.981236748632262,0.9400663567883472,True,0.7127775355445699,False,False,False
scaled,2024,1,False,client_04,0.1806834300451321,0.2314923425135059,2.756760692746885,0.9769159824824986,0.9442241420695552,True,0.819491117027955,False,False,False
scaled,2024,2,False,client_00,0.1808510638297872,0.2317071155974822,2.50864691379972,1.0,1.0,False,0.5489701151112012,False,False,False
scaled,2024,2,True,client_01,0.2194842037395228,0.0,26.145221154191933,10.422041065392936,0.0995593031953624,True,0.6002124947733094,False,True,True
scaled,2024,2,False,client_02,0.2330883301096067,0.2986337127657816,2.6862512268622782,1.0707968555022955,0.9690083987566864,True,0.6490569359520791,False,False,False
scaled,2024,2,False,client_03,0.185892972275951,0.2381668291232301,2.1758833550119103,0.8673533700747907,1.0,False,0.6723991308614579,False,False,False
scaled,2024,2,False,client_04,0.1806834300451321,0.2314923425135059,2.35092187446556,0.937127445689333,1.0,False,0.7494988709786843,False,False,False
scaled,2024,3,False,client_00,0.1808510638297872,0.2317071155974822,2.180516849507844,1.0,1.0,False,0.5059413270732146,False,False,False
scaled,2024,3,True,client_01,0.2194842037395228,0.0,23.56374543849578,10.806495461759106,0.1104663096447949,True,0.569684502963255,False,True,True
scaled,2024,3,False,client_02,0.2330883301096067,0.2986337127657816,2.246772119116001,1.0303851215931266,1.0,False,0.6332210858908109,False,False,False
scaled,2024,3,False,client_03,0.185892972275951,0.2381668291232301,1.9198409835028687,0.8804522578838082,1.0,False,0.5619100211521435,False,False,False
scaled,2024,3,False,client_04,0.1806834300451321,0.2314923425135059,1.9930893915654428,0.914044480791467,1.0,False,0.647493227347822,False,False,False
scaled,2024,4,False,client_00,0.1808510638297872,0.2317071155974822,1.9635233552823577,1.0277585202676789,1.0,False,0.4563901002849254,False,False,False
scaled,2024,4,True,client_01,0.2194842037395228,0.0,22.171647970455016,11.605209608894064,0.1174021887533414,True,0.5489333160618636,False,True,True
scaled,2024,4,False,client_02,0.2330883301096067,0.2986337127657816,1.9104909534303447,1.0,1.0,False,0.6105131394679135,False,False,False
scaled,2024,4,False,client_03,0.185892972275951,0.2381668291232301,1.7312347994539596,0.906172728190874,1.0,False,0.5427556432945406,False,False,False
scaled,2024,4,False,client_04,0.1806834300451321,0.2314923425135059,1.7118037836120732,0.8960020357795871,1.0,False,0.6286247231536404,False,False,False
scaled,2024,5,False,client_00,0.1808510638297872,0.2317071155974822,1.855962458576824,1.0471664370943763,1.0,False,0.4347651598200681,False,False,False
scaled,2024,5,True,client_01,0.2194842037395228,0.0,21.255090185796035,11.99249314398693,0.122464782658955,True,0.5084312351707069,False,True,True
scaled,2024,5,False,client_02,0.2330883301096067,0.2986337127657816,1.7723662570074843,1.0,1.0,False,0.5791784154796644,False,False,False
scaled,2024,5,False,client_03,0.185892972275951,0.2381668291232301,1.595477892093042,0.9001964948186805,1.0,False,0.5353556638852712,False,False,False
scaled,2024,5,False,client_04,0.1806834300451321,0.2314923425135059,1.557035303457411,0.8785065148364736,1.0,False,0.6209241076807543,False,False,False
scaled,2024,6,False,client_00,0.1808510638297872,0.2317071155974822,1.7699229609389018,1.0680459834287102,1.0,False,0.4178682398564129,False,False,False
scaled,2024,6,True,client_01,0.2194842037395228,0.0,20.802491417706303,12.553098577920762,0.1251292428263868,True,0.4793444974153426,False,True,True
scaled,2024,6,False,client_02,0.2330883301096067,0.2986337127657816,1.6571598867466182,1.0,1.0,False,0.5541830146311433,False,False,False
scaled,2024,6,False,client_03,0.185892972275951,0.2381668291232301,1.5932939377721402,0.9614605992546312,1.0,False,0.544435712592872,False,False,False
scaled,2024,6,False,client_04,0.1806834300451321,0.2314923425135059,1.4493093963496582,0.8745742688685171,1.0,False,0.6490921431340891,False,False,False
scaled,2024,7,False,client_00,0.1808510638297872,0.2317071155974822,1.7040355546476444,1.091508282536556,1.0,False,0.4310550910001199,False,False,False
scaled,2024,7,True,client_01,0.2194842037395228,0.0,20.37659484590388,13.052088017491371,0.1277446020635414,True,0.4666130692549222,False,True,True
scaled,2024,7,False,client_02,0.2330883301096067,0.2986337127657816,1.5611751022975622,1.0,1.0,False,0.531859530814224,False,False,False
scaled,2024,7,False,client_03,0.185892972275951,0.2381668291232301,1.4819087744528694,0.9492264975735024,1.0,False,0.5435224206383344,False,False,False
scaled,2024,7,False,client_04,0.1806834300451321,0.2314923425135059,1.3878506172383194,0.8889781903361363,1.0,False,0.6309529631050234,False,False,False
scaled,2024,8,False,client_00,0.1808510638297872,0.2317071155974822,1.6666320707001274,1.1245522087856736,1.0,False,0.4088960072905715,False,False,False
scaled,2024,8,True,client_01,0.2194842037395228,0.0,20.19208897243533,13.62451776438581,0.1289118725434209,True,0.4409252383945533,False,True,True
scaled,2024,8,False,client_02,0.2330883301096067,0.2986337127657816,1.4820406359788387,1.0,1.0,False,0.5329924888200746,False,False,False
scaled,2024,8,False,client_03,0.185892972275951,0.2381668291232301,1.4331023947991723,0.966979150239464,1.0,False,0.5563783028771282,False,False,False
scaled,2024,8,False,client_04,0.1806834300451321,0.2314923425135059,1.364100951133948,0.920420748269837,1.0,False,0.6586461897659118,False,False,False
scaled,2024,9,False,client_00,0.1808510638297872,0.2317071155974822,1.624309645021641,1.0781157141669964,1.0,False,0.4383017930194913,False,False,False
scaled,2024,9,True,client_01,0.2194842037395228,0.0,19.865259563637007,13.185323726424048,0.1310327706346583,True,0.4559686420602544,False,True,True
scaled,2024,9,False,client_02,0.2330883301096067,0.2986337127657816,1.5066190239854358,1.0,1.0,False,0.5211548592926217,False,False,False
scaled,2024,9,False,client_03,0.185892972275951,0.2381668291232301,1.453674502375953,0.9648587195790018,1.0,False,0.5299963066257954,False,False,False
scaled,2024,9,False,client_04,0.1806834300451321,0.2314923425135059,1.340233845995435,0.8895638676127529,1.0,False,0.6458865148996695,False,False,False
scaled,2024,10,False,client_00,0.1808510638297872,0.2317071155974822,1.6002949488897362,1.115663124563235,1.0,False,0.4308543710629414,False,False,False
scaled,2024,10,True,client_01,0.2194842037395228,0.0,19.912076024383204,13.881921560345251,0.1307246917304109,True,0.4350180136852146,False,True,True
scaled,2024,10,False,client_02,0.2330883301096067,0.2986337127657816,1.4339801907761447,0.999714972113762,1.0,False,0.5456793271370131,False,False,False
scaled,2024,10,False,client_03,0.185892972275951,0.2381668291232301,1.4343890316498789,1.0,1.0,False,0.5617878435024957,False,False,False
scaled,2024,10,False,client_04,0.1806834300451321,0.2314923425135059,1.2836017830436772,0.8948770206136047,1.0,False,0.6534755211423351,False,False,False
scaled,2024,11,False,client_00,0.1808510638297872,0.2317071155974822,1.5536050857756851,1.0487740809718569,1.0,False,0.4313904495750206,False,False,False
scaled,2024,11,True,client_01,0.2194842037395228,0.0,19.69441127756049,13.294876720613102,0.1321694750513216,True,0.4295639227652481,False,True,True
scaled,2024,11,False,client_02,0.2330883301096067,0.2986337127657816,1.4112795419831368,0.9526960346546208,1.0,False,0.4963195352421471,False,False,False
scaled,2024,11,False,client_03,0.185892972275951,0.2381668291232301,1.4813534334639753,1.0,1.0,False,0.584734040662901,False,False,False
scaled,2024,11,False,client_04,0.1806834300451321,0.2314923425135059,1.2375611846587489,0.8354260075293807,1.0,False,0.6636132967802574,False,False,False
scaled,2024,12,False,client_00,0.1808510638297872,0.2317071155974822,1.5479890963119023,1.0801499991250465,1.0,False,0.4594897253694231,False,False,False
scaled,2024,12,True,client_01,0.2194842037395228,0.0,19.40471183860402,13.540146713841391,0.1341426773893933,True,0.4498697002562266,False,True,True
scaled,2024,12,False,client_02,0.2330883301096067,0.2986337127657816,1.4331241934600003,1.0,1.0,False,0.4917561547440658,False,False,False
scaled,2024,12,False,client_03,0.185892972275951,0.2381668291232301,1.4254892324696815,0.9946725056871132,1.0,False,0.5484525145994441,False,False,False
scaled,2024,12,False,client_04,0.1806834300451321,0.2314923425135059,1.2382592310171716,0.8640278607171057,1.0,False,0.615002640216839,False,False,False
scaled,2024,13,False,client_00,0.1808510638297872,0.2317071155974822,1.5173072116888866,1.0315890488267498,1.0,False,0.443159272345405,False,False,False
scaled,2024,13,True,client_01,0.2194842037395228,0.0,19.027312999708386,12.93631742331868,0.1368033415984639,True,0.4212051314976728,False,True,True
scaled,2024,13,False,client_02,0.2330883301096067,0.2986337127657816,1.413094892289663,0.9607370245188884,1.0,False,0.4929590570785714,False,False,False
scaled,2024,13,False,client_03,0.185892972275951,0.2381668291232301,1.470844628890308,1.0,1.0,False,0.6045386896013822,False,False,False
scaled,2024,13,False,client_04,0.1806834300451321,0.2314923425135059,1.2027652032333471,0.8177377675443424,1.0,False,0.6434245916751804,False,False,False
scaled,2024,14,False,client_00,0.1808510638297872,0.2317071155974822,1.4719547282243064,1.0485717043518517,1.0,False,0.4304189908525643,False,False,False
scaled,2024,14,True,client_01,0.2194842037395228,0.0,18.97258068415277,13.51543691016528,0.1371979934271254,True,0.4311291262948336,False,True,True
scaled,2024,14,False,client_02,0.2330883301096067,0.2986337127657816,1.4037711699784596,1.0,1.0,False,0.4821177131630486,False,False,False
scaled,2024,14,False,client_03,0.185892972275951,0.2381668291232301,1.399302168704995,0.996816431788143,1.0,False,0.5709479345110657,False,False,False
scaled,2024,14,False,client_04,0.1806834300451321,0.2314923425135059,1.1199005059248226,0.7977799586395602,1.0,False,0.6172048231528373,False,False,False
scaled,2024,15,False,client_00,0.1808510638297872,0.2317071155974822,1.4777282200313102,1.0560471543735326,1.0,False,0.4550698802685127,False,False,False
scaled,2024,15,True,client_01,0.2194842037395228,0.0,19.41411724870764,13.874150197075762,0.134077690304115,True,0.4068608190246014,False,True,True
scaled,2024,15,False,client_02,0.2330883301096067,0.2986337127657816,1.3649075262071704,0.9754207096373644,1.0,False,0.4925145658136775,False,False,False
scaled,2024,15,False,client_03,0.185892972275951,0.2381668291232301,1.3993013606555542,1.0,1.0,False,0.5732940930007914,False,False,False
scaled,2024,15,False,client_04,0.1806834300451321,0.2314923425135059,1.102088655088275,0.7875992163489078,1.0,False,0.6617549888784524,False,False,False
scaled,2024,16,False,client_00,0.1808510638297872,0.2317071155974822,1.4784260803235387,1.076091312389977,1.0,False,0.4507847501811309,False,False,False
scaled,2024,16,True,client_01,0.2194842037395228,0.0,18.71613123621884,13.622775255992694,0.1390778877935393,True,0.445338153879192,False,True,True
scaled,2024,16,False,client_02,0.2330883301096067,0.2986337127657816,1.320944934599366,0.9614666483405462,1.0,False,0.4659348382144844,False,False,False
scaled,2024,16,False,client_03,0.185892972275951,0.2381668291232301,1.3738853416072885,1.0,1.0,False,0.5754693436910878,False,False,False
scaled,2024,16,False,client_04,0.1806834300451321,0.2314923425135059,1.1058756978153412,0.8049257564110797,1.0,False,0.5980206092285927,False,False,False
scaled,2024,17,False,client_00,0.1808510638297872,0.2317071155974822,1.4541776158267812,1.0453116681698142,1.0,False,0.4487970839283534,False,False,False
scaled,2024,17,True,client_01,0.2194842037395228,0.0,18.58275353741964,13.357906825119557,0.140076119223042,True,0.4111880496874274,False,True,True
scaled,2024,17,False,client_02,0.2330883301096067,0.2986337127657816,1.3892123510357648,0.9986124557952784,1.0,False,0.5010723896759353,False,False,False
scaled,2024,17,False,client_03,0.185892972275951,0.2381668291232301,1.391142622920139,1.0,1.0,False,0.563135205701143,False,False,False
scaled,2024,17,False,client_04,0.1806834300451321,0.2314923425135059,1.0841067122485786,0.7792922841893356,1.0,False,0.596872731187474,False,False,False
scaled,2024,18,False,client_00,0.1808510638297872,0.2317071155974822,1.4156187808195149,1.004356870654504,1.0,False,0.4379465720730296,False,False,False
scaled,2024,18,True,client_01,0.2194842037395228,0.0,18.44668733927961,13.08760340075132,0.141109346742018,True,0.448854268860375,False,True,True
scaled,2024,18,False,client_02,0.2330883301096067,0.2986337127657816,1.3720658197497244,0.973456803291404,1.0,False,0.4691018276489633,False,False,False
scaled,2024,18,False,client_03,0.185892972275951,0.2381668291232301,1.4094778680580005,1.0,1.0,False,0.5733314273990098,False,False,False
scaled,2024,18,False,client_04,0.1806834300451321,0.2314923425135059,1.1169417080159934,0.79245068924348,1.0,False,0.6091162090101082,False,False,False
scaled,2024,19,False,client_00,0.1808510638297872,0.2317071155974822,1.4350065702193904,1.0549943781145328,1.0,False,0.4099287784694994,False,False,False
scaled,2024,19,True,client_01,0.2194842037395228,0.0,18.311563520480675,13.46237499500839,0.1421506141236197,True,0.4299028632847099,False,True,True
scaled,2024,19,False,client_02,0.2330883301096067,0.2986337127657816,1.350053221537824,0.9925380053556584,1.0,False,0.4868371030401173,False,False,False
scaled,2024,19,False,client_03,0.185892972275951,0.2381668291232301,1.3602030494077215,1.0,1.0,False,0.5453431235082871,False,False,False
scaled,2024,19,False,client_04,0.1806834300451321,0.2314923425135059,1.0612254568147417,0.7801963517702999,1.0,False,0.6286173916348601,False,False,False
scaled,2024,20,False,client_00,0.1808510638297872,0.2317071155974822,1.3956777166793113,1.0465818033890266,1.0,False,0.4341378519027211,False,False,False
scaled,2024,20,True,client_01,0.2194842037395228,0.0,18.202921362367245,13.649889253589276,0.1429990246170841,True,0.4433272875535899,False,True,True
scaled,2024,20,False,client_02,0.2330883301096067,0.2986337127657816,1.2817836226730692,0.9611756348474672,1.0,False,0.4373189424636095,False,False,False
scaled,2024,20,False,client_03,0.185892972275951,0.2381668291232301,1.3335581720987764,1.0,1.0,False,0.5556577519680079,False,False,False
scaled,2024,20,False,client_04,0.1806834300451321,0.2314923425135059,1.0525697958555496,0.789294248933286,1.0,False,0.5623721818521145,False,False,False
random_noise,42,1,False,client_00,0.2115538362346873,0.2500419124258912,3.2143568999755643,1.0,0.8098042877627524,True,0.6901550023006608,False,False,False
random_noise,42,1,False,client_01,0.2411089619600258,0.2849740142959474,3.299014083587721,1.026337207175967,0.7890236094928106,True,0.7428262679211795,False,False,False
random_noise,42,1,False,client_02,0.2135783365570599,0.2524347309222258,3.161231276408601,0.9834723942548612,0.8234133387915882,True,0.6952973691018124,False,False,False
random_noise,42,1,False,client_03,0.1798323662153449,0.2125493423559355,2.814323823894068,0.8755480214146296,0.9249113331948888,True,0.7074771954672393,False,False,False
random_noise,42,1,True,client_04,0.153926499032882,0.0,9.248871827492213,2.87736306679651,0.2814397310883473,True,0.200265828653804,False,True,True
random_noise,42,2,False,client_00,0.2115538362346873,0.2115538362346873,2.614152158378556,1.0043797199986202,0.9957339291277242,True,0.6440445633857347,False,False,False
random_noise,42,2,False,client_01,0.2411089619600258,0.2411089619600258,2.6027528297585967,1.0,1.0,False,0.678735843015716,False,False,False
random_noise,42,2,False,client_02,0.2135783365570599,0.2135783365570599,2.552733886388218,0.9807822921952148,1.0,False,0.6574676700638653,False,False,False
random_noise,42,2,False,client_03,0.1798323662153449,0.1798323662153449,2.3753050595106764,0.912612612443489,1.0,False,0.6609370892169882,False,False,False
random_noise,42,2,True,client_04,0.153926499032882,0.153926499032882,3.161151418890921,1.214541535695541,0.8234341399923366,True,0.1951936541114726,False,False,False
random_noise,42,3,False,client_00,0.2115538362346873,0.2115538362346873,2.233969952993041,1.0162293173626824,1.0,False,0.6094256205443258,False,False,False
random_noise,42,3,False,client_01,0.2411089619600258,0.2411089619600258,2.1982931557127663,1.0,1.0,False,0.6274552596634864,False,False,False
random_noise,42,3,False,client_02,0.2135783365570599,0.2135783365570599,2.175261437493762,0.9895229086443038,1.0,False,0.5831428523545366,False,False,False
random_noise,42,3,False,client_03,0.1798323662153449,0.1798323662153449,2.056685699759909,0.9355829973882884,1.0,False,0.6099009058421694,False,False,False
random_noise,42,3,True,client_04,0.153926499032882,0.153926499032882,2.900943898677967,1.3196346861833248,0.8972941535292195,True,0.2190994947999621,False,False,False
random_noise,42,4,False,client_00,0.2115538362346873,0.2115538362346873,1.9786975076295408,1.0,1.0,False,0.5964069580859562,False,False,False
random_noise,42,4,False,client_01,0.2411089619600258,0.2411089619600258,1.9500943940488376,0.9855444738418,1.0,False,0.5862192921701332,False,False,False
random_noise,42,4,False,client_02,0.2135783365570599,0.2135783365570599,1.9801185744279024,1.0007181829425074,1.0,False,0.528571597573091,False,False,False
random_noise,42,4,False,client_03,0.1798323662153449,0.1798323662153449,1.9037597600189995,0.96212773942374,1.0,False,0.5906135137807446,False,False,False
random_noise,42,4,True,client_04,0.153926499032882,0.153926499032882,2.576294008913248,1.3020150876925198,1.0,False,0.231561029404679,False,False,False
random_noise,42,5,False,client_00,0.2115538362346873,0.2115538362346873,1.7449055325137046,0.9752912882044188,1.0,False,0.5759836337554877,False,False,False
random_noise,42,5,False,client_01,0.2411089619600258,0.2411089619600258,1.76853983254907,0.9885013597514412,1.0,False,0.5460832321601709,False,False,False
random_noise,42,5,False,client_02,0.2135783365570599,0.2135783365570599,1.8606918259617096,1.0400084669795011,1.0,False,0.4854095028101665,False,False,False
random_noise,42,5,False,client_03,0.1798323662153449,0.1798323662153449,1.7891121899860305,1.0,1.0,False,0.5718091289295856,False,False,False
random_noise,42,5,True,client_04,0.153926499032882,0.153926499032882,2.466059100631652,1.3783702969744491,1.0,False,0.2556771656081851,False,False,False
random_noise,42,6,False,client_00,0.2115538362346873,0.2115538362346873,1.6548376867241474,0.9764086408914604,1.0,False,0.5520910678961983,False,False,False
random_noise,42,6,False,client_01,0.2411089619600258,0.2411089619600258,1.6347844507087508,0.9645765723566732,1.0,False,0.536644839309593,False,False,False
random_noise,42,6,False,client_02,0.2135783365570599,0.2135783365570599,1.76530846888594,1.0415900342898288,1.0,False,0.4456803583265825,False,False,False
random_noise,42,6,False,client_03,0.1798323662153449,0.1798323662153449,1.6948208131518394,1.0,1.0,False,0.5944800553415035,False,False,False
random_noise,42,6,True,client_04,0.153926499032882,0.153926499032882,2.3941190998500788,1.4126089798235142,1.0,False,0.2517890857883205,False,False,False
random_noise,42,7,False,client_00,0.2115538362346873,0.2115538362346873,1.5757831822397352,0.9762528240082896,1.0,False,0.5452034539767465,False,False,False
random_noise,42,7,False,client_01,0.2411089619600258,0.2411089619600258,1.5570527691861584,0.964648677673636,1.0,False,0.5254618319878457,False,False,False
random_noise,42,7,False,client_02,0.2135783365570599,0.2135783365570599,1.7439754174210396,1.0804537993852652,1.0,False,0.4722492559993858,False,False,False
random_noise,42,7,False,client_03,0.1798323662153449,0.1798323662153449,1.6141138273689182,1.0,1.0,False,0.5713473356549658,False,False,False
random_noise,42,7,True,client_04,0.153926499032882,0.153926499032882,2.410763971232297,1.4935526419236225,1.0,False,0.2396040527046541,False,False,False
random_noise,42,8,False,client_00,0.2115538362346873,0.2115538362346873,1.527294024005776,0.9628151350955793,1.0,False,0.5156556514723002,False,False,False
random_noise,42,8,False,client_01,0.2411089619600258,0.2411089619600258,1.4212932317882496,0.8959916122669651,1.0,False,0.5089960163668201,False,False,False
random_noise,42,8,False,client_02,0.2135783365570599,0.2135783365570599,1.6500132087684627,1.0401780309093187,1.0,False,0.4205147431376924,False,False,False
random_noise,42,8,False,client_03,0.1798323662153449,0.1798323662153449,1.5862796172747746,1.0,1.0,False,0.540862539131486,False,False,False
random_noise,42,8,True,client_04,0.153926499032882,0.153926499032882,2.320775451528428,1.4630304936499885,1.0,False,0.2260570559843527,False,False,False
random_noise,42,9,False,client_00,0.2115538362346873,0.2115538362346873,1.4298978824293076,0.9049294577494088,1.0,False,0.5028793746817748,False,False,False
random_noise,42,9,False,client_01,0.2411089619600258,0.2411089619600258,1.4853582241656356,0.9400282557760108,1.0,False,0.5314349446285664,False,False,False
random_noise,42,9,False,client_02,0.2135783365570599,0.2135783365570599,1.6028819378110704,1.0144046652865817,1.0,False,0.3957311516974647,False,False,False
random_noise,42,9,False,client_03,0.1798323662153449,0.1798323662153449,1.580120826197341,1.0,1.0,False,0.5871466047062848,False,False,False
random_noise,42,9,True,client_04,0.153926499032882,0.153926499032882,2.310564328172634,1.462270663018315,1.0,False,0.2235474007494667,False,False,False
random_noise,42,10,False,client_00,0.2115538362346873,0.2115538362346873,1.439551008434543,0.9085038463525492,1.0,False,0.4997600358423244,False,False,False
random_noise,42,10,False,client_01,0.2411089619600258,0.2411089619600258,1.393333120201301,0.8793356341918325,1.0,False,0.523863963324879,False,False,False
random_noise,42,10,False,client_02,0.2135783365570599,0.2135783365570599,1.59261332671043,1.0051018161851717,1.0,False,0.3990471054528333,False,False,False
random_noise,42,10,False,client_03,0.1798323662153449,0.1798323662153449,1.5845293492306454,1.0,1.0,False,0.5396947752822977,False,False,False
random_noise,42,10,True,client_04,0.153926499032882,0.153926499032882,2.306058311662794,1.455358534559477,1.0,False,0.2602650810777632,False,False,False
random_noise,42,11,False,client_00,0.2115538362346873,0.2115538362346873,1.3899961624198551,0.8911201361590653,1.0,False,0.5210374847456581,False,False,False
random_noise,42,11,False,client_01,0.2411089619600258,0.2411089619600258,1.4864714208925665,0.9529699799144004,1.0,False,0.556515176051362,False,False,False
random_noise,42,11,False,client_02,0.2135783365570599,0.2135783365570599,1.5598302698119486,1.0,1.0,False,0.363040768146299,False,False,False
random_noise,42,11,False,client_03,0.1798323662153449,0.1798323662153449,1.60752160038105,1.030574692318832,1.0,False,0.6121304752671157,False,False,False
random_noise,42,11,True,client_04,0.153926499032882,0.153926499032882,2.320747239952412,1.4878203640914074,1.0,False,0.2254120335861131,False,False,False
random_noise,42,12,False,client_00,0.2115538362346873,0.2115538362346873,1.3934219737830271,0.8986260009826443,1.0,False,0.4675220083420968,False,False,False
random_noise,42,12,False,client_01,0.2411089619600258,0.2411089619600258,1.377038924431103,0.8880604763963976,1.0,False,0.5604242839086938,False,False,False
random_noise,42,12,False,client_02,0.2135783365570599,0.2135783365570599,1.5506139064074769,1.0,1.0,False,0.4116335626453202,False,False,False
random_noise,42,12,False,client_03,0.1798323662153449,0.1798323662153449,1.5993328512315146,1.0314191331721716,1.0,False,0.5780519634066692,False,False,False
random_noise,42,12,True,client_04,0.153926499032882,0.153926499032882,2.3011719866432414,1.4840393067121955,1.0,False,0.2342841415825825,False,False,False
random_noise,42,13,False,client_00,0.2115538362346873,0.2115538362346873,1.3868968573092504,0.9036223779626874,1.0,False,0.5106400517376418,False,False,False
random_noise,42,13,False,client_01,0.2411089619600258,0.2411089619600258,1.4032297524021693,0.9142639548219156,1.0,False,0.4987132873052261,False,False,False
random_noise,42,13,False,client_02,0.2135783365570599,0.2135783365570599,1.5348190694836006,1.0,1.0,False,0.3457286110560468,False,False,False
random_noise,42,13,False,client_03,0.1798323662153449,0.1798323662153449,1.610530347761827,1.0493291227504098,1.0,False,0.6217582589481468,False,False,False
random_noise,42,13,True,client_04,0.153926499032882,0.153926499032882,2.3018059886513687,1.4997246479520387,1.0,False,0.2522999009569294,False,False,False
random_noise,42,14,False,client_00,0.2115538362346873,0.2115538362346873,1.3605958830742595,0.8812258423348764,1.0,False,0.5319449099821375,False,False,False
random_noise,42,14,False,client_01,0.2411089619600258,0.2411089619600258,1.398283414364147,0.905635166895974,1.0,False,0.5288375176727339,False,False,False
random_noise,42,14,False,client_02,0.2135783365570599,0.2135783365570599,1.543980915799354,1.0,1.0,False,0.313456997884204,False,False,False
random_noise,42,14,False,client_03,0.1798323662153449,0.1798323662153449,1.6545382290464712,1.0716053625506627,1.0,False,0.6690895635840737,False,False,False
random_noise,42,14,True,client_04,0.153926499032882,0.153926499032882,2.307323997370162,1.49439929843667,1.0,False,0.202578289695208,False,False,False
random_noise,42,15,False,client_00,0.2115538362346873,0.2115538362346873,1.4153162458921853,0.9068669344905852,1.0,False,0.549736569192271,False,False,False
random_noise,42,15,False,client_01,0.2411089619600258,0.2411089619600258,1.3936684800982126,0.8929960819082533,1.0,False,0.4923366348217822,False,False,False
random_noise,42,15,False,client_02,0.2135783365570599,0.2135783365570599,1.567853813889532,1.0046057098956551,1.0,False,0.3714788832964006,False,False,False
random_noise,42,15,False,client_03,0.1798323662153449,0.1798323662153449,1.560665839787412,1.0,1.0,False,0.6365842083105686,False,False,False
random_noise,42,15,True,client_04,0.153926499032882,0.153926499032882,2.2989549831020857,1.4730603595547658,1.0,False,0.2408747956095369,False,False,False
random_noise,42,16,False,client_00,0.2115538362346873,0.2115538362346873,1.444725713428913,0.9440169734485584,1.0,False,0.6013425531026187,False,False,False
random_noise,42,16,False,client_01,0.2411089619600258,0.2411089619600258,1.3100925435674668,0.8560445670900266,1.0,False,0.5237315008637672,False,False,False
random_noise,42,16,False,client_02,0.2135783365570599,0.2135783365570599,1.5304022640093338,1.0,1.0,False,0.3720863414330725,False,False,False
random_noise,42,16,False,client_03,0.1798323662153449,0.1798323662153449,1.6154323190335778,1.055560591501925,1.0,False,0.5748160400291555,False,False,False
random_noise,42,16,True,client_04,0.153926499032882,0.153926499032882,2.206388551769028,1.4417049710765266,1.0,False,0.2316665290476814,False,False,False
random_noise,42,17,False,client_00,0.2115538362346873,0.2115538362346873,1.373763098607768,0.9200797578388502,1.0,False,0.5839046022373566,False,False,False
random_noise,42,17,False,client_01,0.2411089619600258,0.2411089619600258,1.4037175143149128,0.9401417696791484,1.0,False,0.5443488921443065,False,False,False
random_noise,42,17,False,client_02,0.2135783365570599,0.2135783365570599,1.493091318338056,1.0,1.0,False,0.3749205058131711,False,False,False
random_noise,42,17,False,client_03,0.1798323662153449,0.1798323662153449,1.5970754559007423,1.0696435216557485,1.0,False,0.6162198976084388,False,False,False
random_noise,42,17,True,client_04,0.153926499032882,0.153926499032882,2.262654106513115,1.5154157543636724,1.0,False,0.2205252823879388,False,False,False
random_noise,42,18,False,client_00,0.2115538362346873,0.2115538362346873,1.405422511801502,0.9129522622065332,1.0,False,0.6275723861455559,False,False,False
random_noise,42,18,False,client_01,0.2411089619600258,0.2411089619600258,1.4109951521149784,0.916572208904363,1.0,False,0.5314103199328799,False,False,False
random_noise,42,18,False,client_02,0.2135783365570599,0.2135783365570599,1.5394260685708885,1.0,1.0,False,0.3032069108909734,False,False,False
random_noise,42,18,False,client_03,0.1798323662153449,0.1798323662153449,1.565802010783168,1.017133620607559,1.0,False,0.6471905068618944,False,False,False
random_noise,42,18,True,client_04,0.153926499032882,0.153926499032882,2.2871375026252303,1.485707920191629,1.0,False,0.2077836998903004,False,False,False
random_noise,42,19,False,client_00,0.2115538362346873,0.2115538362346873,1.2782348152486471,0.8429884714581816,1.0,False,0.513800191686154,False,False,False
random_noise,42,19,False,client_01,0.2411089619600258,0.2411089619600258,1.3087329967401902,0.86310184584848,1.0,False,0.4702894600570342,False,False,False
random_noise,42,19,False,client_02,0.2135783365570599,0.2135783365570599,1.516313518543838,1.0,1.0,False,0.3378880340397285,False,False,False
random_noise,42,19,False,client_03,0.1798323662153449,0.1798323662153449,1.5449910166239815,1.0189126442054564,1.0,False,0.6223074255927614,False,False,False
random_noise,42,19,True,client_04,0.153926499032882,0.153926499032882,2.2642358327975325,1.4932504426735882,1.0,False,0.2456602507656887,False,False,False
random_noise,42,20,False,client_00,0.2115538362346873,0.2115538362346873,1.3220082883467388,0.8788593049039719,1.0,False,0.5529705624077056,False,False,False
random_noise,42,20,False,client_01,0.2411089619600258,0.2411089619600258,1.319976377518537,0.8775085087298167,1.0,False,0.5095833738721404,False,False,False
random_noise,42,20,False,client_02,0.2135783365570599,0.2135783365570599,1.5042319981935983,1.0,1.0,False,0.3440701089842318,False,False,False
random_noise,42,20,False,client_03,0.1798323662153449,0.1798323662153449,1.5625269175168337,1.0387539418076734,1.0,False,0.6235877683855733,False,False,False
random_noise,42,20,True,client_04,0.153926499032882,0.153926499032882,2.252794042718925,1.4976373627367716,1.0,False,0.2226239154482429,False,False,False
random_noise,123,1,False,client_00,0.2006318504190844,0.2398785113009157,2.971202971004138,0.9750124285966598,0.8760761299051539,True,0.6520575776656674,False,False,False
random_noise,123,1,False,client_01,0.2094132817537073,0.2503777250161882,3.0473488171639054,1.0,0.8541851150543869,True,0.5923829975279624,False,False,False
random_noise,123,1,False,client_02,0.2319922630560928,0.2773735006629459,3.254838413513951,1.0680885611720523,0.799732481094132,True,0.750309899267588,False,False,False
random_noise,123,1,True,client_03,0.1636105738233398,0.0,9.351136227034136,3.06861366653031,0.2783618949400744,True,0.1982253895521789,False,True,True
random_noise,123,1,False,client_04,0.1943520309477756,0.23237026301995,2.8245790811997624,0.9268971984075424,0.9215532386136468,True,0.7684125751212342,False,False,False
random_noise,123,2,False,client_00,0.2006318504190844,0.2006318504190844,2.5421722310104866,1.0192434263619738,1.0,False,0.5919591071445525,False,False,False
random_noise,123,2,False,client_01,0.2094132817537073,0.2094132817537073,2.4344444769368514,0.976051700861673,1.0,False,0.6238103207909911,False,False,False
random_noise,123,2,False,client_02,0.2319922630560928,0.2319922630560928,2.494175743751778,1.0,1.0,False,0.6399179538975972,False,False,False
random_noise,123,2,True,client_03,0.1636105738233398,0.1636105738233398,3.4608042381664093,1.3875542839497803,0.7521373128516256,True,0.203277916176549,False,False,False
random_noise,123,2,False,client_04,0.1943520309477756,0.1943520309477756,2.4665642925988926,0.9889296288675504,1.0,False,0.7303556241999852,False,False,False
random_noise,123,3,False,client_00,0.2006318504190844,0.2006318504190844,2.202146094985189,1.0149302114651642,1.0,False,0.5209362086996392,False,False,False
random_noise,123,3,False,client_01,0.2094132817537073,0.2094132817537073,2.15292844698252,0.9922466674401236,1.0,False,0.5781821018313719,False,False,False
random_noise,123,3,False,client_02,0.2319922630560928,0.2319922630560928,2.169751249995945,1.0,1.0,False,0.6403249649304048,False,False,False
random_noise,123,3,True,client_03,0.1636105738233398,0.1636105738233398,3.1229897267578304,1.4393307651112843,0.8334961776202627,True,0.2024500543082143,False,False,False
random_noise,123,3,False,client_04,0.1943520309477756,0.1943520309477756,2.036199967883683,0.938448574640751,1.0,False,0.6967168550179785,False,False,False
random_noise,123,4,False,client_00,0.2006318504190844,0.2006318504190844,2.0328567976732117,1.0170949451056708,1.0,False,0.4300907548405281,False,False,False
random_noise,123,4,False,client_01,0.2094132817537073,0.2094132817537073,1.9502142601193944,0.9757465789576462,1.0,False,0.5420300710289496,False,False,False
random_noise,123,4,False,client_02,0.2319922630560928,0.2319922630560928,1.9986893135743669,1.0,1.0,False,0.6116955769741246,False,False,False
random_noise,123,4,True,client_03,0.1636105738233398,0.1636105738233398,2.9628104642590505,1.4823766976371593,0.8785577178832352,True,0.2356393841396284,False,False,False
random_noise,123,4,False,client_04,0.1943520309477756,0.1943520309477756,1.7319077077761311,0.8665217230180037,1.0,False,0.657612246009783,False,False,False
random_noise,123,5,False,client_00,0.2006318504190844,0.2006318504190844,1.95167532320858,1.0075496977514855,1.0,False,0.3848107636838637,False,False,False
random_noise,123,5,False,client_01,0.2094132817537073,0.2094132817537073,1.8077615029725296,0.9332543862533048,1.0,False,0.5268141986303614,False,False,False
random_noise,123,5,False,client_02,0.2319922630560928,0.2319922630560928,1.93705117232834,1.0,1.0,False,0.5886302224518495,False,False,False
random_noise,123,5,True,client_03,0.1636105738233398,0.1636105738233398,2.943627779786239,1.519643787338871,0.8842829986436075,True,0.2564254332523845,False,False,False
random_noise,123,5,False,client_04,0.1943520309477756,0.1943520309477756,1.575065143378401,0.8131252110831793,1.0,False,0.6242261198672271,False,False,False
random_noise,123,6,False,client_00,0.2006318504190844,0.2006318504190844,1.8961412879024595,1.051396863017754,1.0,False,0.3426710288694097,False,False,False
random_noise,123,6,False,client_01,0.2094132817537073,0.2094132817537073,1.6967982546069993,0.940862568338089,1.0,False,0.5081490588092847,False,False,False
random_noise,123,6,False,client_02,0.2319922630560928,0.2319922630560928,1.8034496340992416,1.0,1.0,False,0.5776751509531949,False,False,False
random_noise,123,6,True,client_03,0.1636105738233398,0.1636105738233398,2.8872547995303868,1.600962258628568,0.901548419080775,True,0.2600624200961138,False,False,False
random_noise,123,6,False,client_04,0.1943520309477756,0.1943520309477756,1.5415344884257902,0.8547699138799245,1.0,False,0.6100100919462447,False,False,False
random_noise,123,7,False,client_00,0.2006318504190844,0.2006318504190844,1.8504939943865777,1.0977658052381978,1.0,False,0.3256486718511771,False,False,False
random_noise,123,7,False,client_01,0.2094132817537073,0.2094132817537073,1.6431772718337154,0.9747796136791004,1.0,False,0.4966756267251254,False,False,False
random_noise,123,7,False,client_02,0.2319922630560928,0.2319922630560928,1.6856910513668717,1.0,1.0,False,0.5615694809151679,False,False,False
random_noise,123,7,True,client_03,0.1636105738233398,0.1636105738233398,2.7958528449936715,1.658579632801993,0.931021818498424,True,0.2561258175666142,False,False,False
random_noise,123,7,False,client_04,0.1943520309477756,0.1943520309477756,1.480451602261584,0.8782461062845025,1.0,False,0.5839905603322628,False,False,False
random_noise,123,8,False,client_00,0.2006318504190844,0.2006318504190844,1.7852804673452778,1.0991414961821369,1.0,False,0.3109816972164719,False,False,False
random_noise,123,8,False,client_01,0.2094132817537073,0.2094132817537073,1.58913919323795,0.9783834318730716,1.0,False,0.4767688163106443,False,False,False
random_noise,123,8,False,client_02,0.2319922630560928,0.2319922630560928,1.6242499018974734,1.0,1.0,False,0.573186824785195,False,False,False
random_noise,123,8,True,client_03,0.1636105738233398,0.1636105738233398,2.7113564568908144,1.6692975962155618,0.9600360710169884,True,0.2572890350229181,False,False,False
random_noise,123,8,False,client_04,0.1943520309477756,0.1943520309477756,1.4404820756255623,0.8868598815630336,1.0,False,0.5948770771303078,False,False,False
random_noise,123,9,False,client_00,0.2006318504190844,0.2006318504190844,1.7506917114835363,1.0995791286419052,1.0,False,0.3197645128805831,False,False,False
random_noise,123,9,False,client_01,0.2094132817537073,0.2094132817537073,1.5559307650748422,0.9772531529485208,1.0,False,0.4853365643641005,False,False,False
random_noise,123,9,False,client_02,0.2319922630560928,0.2319922630560928,1.5921470914474551,1.0,1.0,False,0.5618043606554675,False,False,False
random_noise,123,9,True,client_03,0.1636105738233398,0.1636105738233398,2.69974199661667,1.6956611679403797,0.9641662067197876,True,0.2698585020029705,False,False,False
random_noise,123,9,False,client_04,0.1943520309477756,0.1943520309477756,1.3714255807441014,0.8613686437082323,1.0,False,0.5517901134831532,False,False,False
random_noise,123,10,False,client_00,0.2006318504190844,0.2006318504190844,1.730137692508954,1.1312061218351863,1.0,False,0.3171327285637614,False,False,False
random_noise,123,10,False,client_01,0.2094132817537073,0.2094132817537073,1.526432589938756,0.9980187691324592,1.0,False,0.4883809462994443,False,False,False
random_noise,123,10,False,client_02,0.2319922630560928,0.2319922630560928,1.5294628088664377,1.0,1.0,False,0.5477183590945239,False,False,False
random_noise,123,10,True,client_03,0.1636105738233398,0.1636105738233398,2.6252925847590927,1.7164801716916738,0.9915085332246356,True,0.2678280245646207,False,False,False
random_noise,123,10,False,client_04,0.1943520309477756,0.1943520309477756,1.367276422796006,0.8939585943965279,1.0,False,0.5857403402399954,False,False,False
random_noise,123,11,False,client_00,0.2006318504190844,0.2006318504190844,1.759657343904241,1.198100441031349,1.0,False,0.3002467281285283,False,False,False
random_noise,123,11,False,client_01,0.2094132817537073,0.2094132817537073,1.4532815510900703,0.9894979118153184,1.0,False,0.4792038395782136,False,False,False
random_noise,123,11,False,client_02,0.2319922630560928,0.2319922630560928,1.4687060313486675,1.0,1.0,False,0.5245016749913769,False,False,False
random_noise,123,11,True,client_03,0.1636105738233398,0.1636105738233398,2.6042989159950216,1.7731927699674346,0.9995012415867304,True,0.276137889491722,False,False,False
random_noise,123,11,False,client_04,0.1943520309477756,0.1943520309477756,1.322297477622581,0.9003145962492959,1.0,False,0.5444345882692131,False,False,False
random_noise,123,12,False,client_00,0.2006318504190844,0.2006318504190844,1.726230187464874,1.1541420983964548,1.0,False,0.3465630661341413,False,False,False
random_noise,123,12,False,client_01,0.2094132817537073,0.2094132817537073,1.4281727327780145,0.9548635440686598,1.0,False,0.485320841097833,False,False,False
random_noise,123,12,False,client_02,0.2319922630560928,0.2319922630560928,1.495682541918598,1.0,1.0,False,0.5610069104068315,False,False,False
random_noise,123,12,True,client_03,0.1636105738233398,0.1636105738233398,2.606226545934299,1.7424998105487963,0.9987619856227264,True,0.2626232786677791,False,False,False
random_noise,123,12,False,client_04,0.1943520309477756,0.1943520309477756,1.295359136485832,0.8660655588211924,1.0,False,0.5794050312610475,False,False,False
random_noise,123,13,False,client_00,0.2006318504190844,0.2006318504190844,1.681865605857605,1.1320207165350131,1.0,False,0.3109136809184005,False,False,False
random_noise,123,13,False,client_01,0.2094132817537073,0.2094132817537073,1.3600485504565902,0.9154138887483888,1.0,False,0.4510261158668024,False,False,False
random_noise,123,13,False,client_02,0.2319922630560928,0.2319922630560928,1.485719811741259,1.0,1.0,False,0.5448976138767826,False,False,False
random_noise,123,13,True,client_03,0.1636105738233398,0.1636105738233398,2.597207203777905,1.7481137313057606,1.0,False,0.26538594639003,False,False,False
random_noise,123,13,False,client_04,0.1943520309477756,0.1943520309477756,1.2693101234463495,0.8543401746515866,1.0,False,0.5785928303380834,False,False,False
random_noise,123,14,False,client_00,0.2006318504190844,0.2006318504190844,1.6416155455977404,1.1722517696210828,1.0,False,0.3026548622462645,False,False,False
random_noise,123,14,False,client_01,0.2094132817537073,0.2094132817537073,1.3585179823652689,0.9700962647194498,1.0,False,0.4571351676593839,False,False,False
random_noise,123,14,False,client_02,0.2319922630560928,0.2319922630560928,1.400395024465072,1.0,1.0,False,0.5331174205666241,False,False,False
random_noise,123,14,True,client_03,0.1636105738233398,0.1636105738233398,2.564664489431548,1.8313864621242903,1.0,False,0.2678014356558733,False,False,False
random_noise,123,14,False,client_04,0.1943520309477756,0.1943520309477756,1.2651572363871555,0.9034288284981766,1.0,False,0.5494801306049345,False,False,False
random_noise,123,15,False,client_00,0.2006318504190844,0.2006318504190844,1.628201843638537,1.1912552462305752,1.0,False,0.2919698043333473,False,False,False
random_noise,123,15,False,client_01,0.2094132817537073,0.2094132817537073,1.3159469461517692,0.9627975238384604,1.0,False,0.4800732941416594,False,False,False
random_noise,123,15,False,client_02,0.2319922630560928,0.2319922630560928,1.3667951085970604,1.0,1.0,False,0.5537306180751245,False,False,False
random_noise,123,15,True,client_03,0.1636105738233398,0.1636105738233398,2.685033250334273,1.9644738508687751,0.9694479573673584,True,0.2657833207227341,False,False,False
random_noise,123,15,False,client_04,0.1943520309477756,0.1943520309477756,1.1934792957546845,0.8731954689095461,1.0,False,0.5545738036679989,False,False,False
random_noise,123,16,False,client_00,0.2006318504190844,0.2006318504190844,1.6138279735726344,1.2229073770936565,1.0,False,0.2802469577753396,False,False,False
random_noise,123,16,False,client_01,0.2094132817537073,0.2094132817537073,1.311179822955234,0.9935702593124884,1.0,False,0.457519770044678,False,False,False
random_noise,123,16,False,client_02,0.2319922630560928,0.2319922630560928,1.3196649262252664,1.0,1.0,False,0.5340720787885884,False,False,False
random_noise,123,16,True,client_03,0.1636105738233398,0.1636105738233398,2.6352918943072456,1.9969401640802584,0.9877463690542204,True,0.2725436778905482,False,False,False
random_noise,123,16,False,client_04,0.1943520309477756,0.1943520309477756,1.1986884369371802,0.9083278740807912,1.0,False,0.5499064822517893,False,False,False
random_noise,123,17,False,client_00,0.2006318504190844,0.2006318504190844,1.6068124874561822,1.2286734392451584,1.0,False,0.280316323883848,False,False,False
random_noise,123,17,False,client_01,0.2094132817537073,0.2094132817537073,1.3077620433004034,1.0,1.0,False,0.4487857626735412,False,False,False
random_noise,123,17,False,client_02,0.2319922630560928,0.2319922630560928,1.2999738355803785,0.9940446293269304,1.0,False,0.53913007570985,False,False,False
random_noise,123,17,True,client_03,0.1636105738233398,0.1636105738233398,2.550109989924359,1.9499801229041929,1.0,False,0.2825899068837636,False,False,False
random_noise,123,17,False,client_04,0.1943520309477756,0.1943520309477756,1.200254050683402,0.9177923895499496,1.0,False,0.5469559338175889,False,False,False
random_noise,123,18,False,client_00,0.2006318504190844,0.2398785113009157,1.587418244517619,1.257868066911446,1.0,False,0.3153954682839626,False,False,False
random_noise,123,18,False,client_01,0.2094132817537073,0.2503777250161882,1.2619910515856774,1.0,1.0,False,0.4420301516593828,False,False,False
random_noise,123,18,False,client_02,0.2319922630560928,0.2773735006629459,1.260851390821939,0.9990969343544026,1.0,False,0.4993819917550048,False,False,False
random_noise,123,18,True,client_03,0.1636105738233398,0.0,2.5798192811744194,2.04424530422217,1.0,False,0.2734361743553292,False,True,True
random_noise,123,18,False,client_04,0.1943520309477756,0.23237026301995,1.2148814649794295,0.9626704273797704,1.0,False,0.5686396343078172,False,False,False
random_noise,123,19,False,client_00,0.2006318504190844,0.2398785113009157,1.5813493817707762,1.2473445648455446,1.0,False,0.2588011659571017,False,False,False
random_noise,123,19,False,client_01,0.2094132817537073,0.2503777250161882,1.2677726959643991,1.0,1.0,False,0.4656228675603601,False,False,False
random_noise,123,19,False,client_02,0.2319922630560928,0.2773735006629459,1.2449365675551565,0.9819872060015686,1.0,False,0.5124156008557921,False,False,False
random_noise,123,19,True,client_03,0.1636105738233398,0.0,2.649746015683073,2.090079731262395,0.9823583032462746,True,0.2763704140175183,False,True,True
random_noise,123,19,False,client_04,0.1943520309477756,0.23237026301995,1.13410389974958,0.8945640676437374,1.0,False,0.5478880729027632,False,False,False
random_noise,123,20,False,client_00,0.2006318504190844,0.2398785113009157,1.5118347430820889,1.2050118385375816,1.0,False,0.2544903322010538,False,False,False
random_noise,123,20,False,client_01,0.2094132817537073,0.2503777250161882,1.254622315509258,1.0,1.0,False,0.4654967093753448,False,False,False
random_noise,123,20,False,client_02,0.2319922630560928,0.2773735006629459,1.2224716572018752,0.9743742336558612,1.0,False,0.5359146220841756,False,False,False
random_noise,123,20,True,client_03,0.1636105738233398,0.0,2.711979478590995,2.161590340827142,0.9598155224066758,True,0.2687897021632395,False,True,True
random_noise,123,20,False,client_04,0.1943520309477756,0.23237026301995,1.1616020585952611,0.9258579607869966,1.0,False,0.5693787126576234,False,False,False
random_noise,2024,1,False,client_00,0.1808510638297872,0.2317071155974822,2.821901516793204,1.0,0.9224276554335736,True,0.6265775185249794,False,False,False
random_noise,2024,1,True,client_01,0.2194842037395228,0.0,9.617982295124945,3.408333791200048,0.2706388845526759,True,0.190332181563081,False,True,True
random_noise,2024,1,False,client_02,0.2330883301096067,0.2986337127657816,3.325627510718409,1.1785058730531597,0.7827094259987328,True,0.6485309180827625,False,False,False
random_noise,2024,1,False,client_03,0.185892972275951,0.2381668291232301,2.7689534692986117,0.981236748632262,0.9400663567883472,True,0.7154674777672473,False,False,False
random_noise,2024,1,False,client_04,0.1806834300451321,0.2314923425135059,2.756760692746885,0.9769159824824986,0.9442241420695552,True,0.8084005813323228,False,False,False
random_noise,2024,2,False,client_00,0.1808510638297872,0.1808510638297872,2.50864691379972,1.0,1.0,False,0.5516949981581898,False,False,False
random_noise,2024,2,True,client_01,0.2194842037395228,0.2194842037395228,3.6326557164852407,1.4480538080120018,0.7165556560142509,True,0.1897221931636458,False,False,False
random_noise,2024,2,False,client_02,0.2330883301096067,0.2330883301096067,2.6862512268622782,1.0707968555022955,0.9690083987566864,True,0.6275962050328084,False,False,False
random_noise,2024,2,False,client_03,0.185892972275951,0.185892972275951,2.1758833550119103,0.8673533700747907,1.0,False,0.6875114904083091,False,False,False
random_noise,2024,2,False,client_04,0.1806834300451321,0.1806834300451321,2.35092187446556,0.937127445689333,1.0,False,0.7585796025599486,False,False,False
random_noise,2024,3,False,client_00,0.1808510638297872,0.1808510638297872,2.229012763911852,1.0,1.0,False,0.4832669484046907,False,False,False
random_noise,2024,3,True,client_01,0.2194842037395228,0.2194842037395228,3.136508801616401,1.4071291346541777,0.8299036172506652,True,0.2061108034871066,False,False,False
random_noise,2024,3,False,client_02,0.2330883301096067,0.2330883301096067,2.318252775749107,1.0400356665883963,1.0,False,0.6127246510848351,False,False,False
random_noise,2024,3,False,client_03,0.185892972275951,0.185892972275951,1.92469647185668,0.8634748544368559,1.0,False,0.6140844546380844,False,False,False
random_noise,2024,3,False,client_04,0.1806834300451321,0.1806834300451321,2.043980617892509,0.9169891940436372,1.0,False,0.7078350391539499,False,False,False
random_noise,2024,4,False,client_00,0.1808510638297872,0.1808510638297872,2.030708063421813,1.0024983869355886,1.0,False,0.4258802981322796,False,False,False
random_noise,2024,4,True,client_01,0.2194842037395228,0.2194842037395228,2.8828548772104385,1.42317717461712,0.9029243964298208,True,0.2470700278599682,False,False,False
random_noise,2024,4,False,client_02,0.2330883301096067,0.2330883301096067,2.0256472128890195,1.0,1.0,False,0.6022145524189566,False,False,False
random_noise,2024,4,False,client_03,0.185892972275951,0.185892972275951,1.792081071358714,0.8846955481467137,1.0,False,0.5915916772731522,False,False,False
random_noise,2024,4,False,client_04,0.1806834300451321,0.1806834300451321,1.8063874753547848,0.8917581817114532,1.0,False,0.6928973924230001,False,False,False
random_noise,2024,5,False,client_00,0.1808510638297872,0.1808510638297872,1.9248471757373504,1.0212899127570472,1.0,False,0.4002339916425543,False,False,False
random_noise,2024,5,True,client_01,0.2194842037395228,0.2194842037395228,2.891592099214424,1.5342276934813814,0.900196124033944,True,0.226253743938734,False,False,False
random_noise,2024,5,False,client_02,0.2330883301096067,0.2330883301096067,1.884721616941348,1.0,1.0,False,0.5774967166722077,False,False,False
random_noise,2024,5,False,client_03,0.185892972275951,0.185892972275951,1.6625913071500609,0.882141581125506,1.0,False,0.5820695664127451,False,False,False
random_noise,2024,5,False,client_04,0.1806834300451321,0.1806834300451321,1.6440718712110998,0.8723154955261825,1.0,False,0.6757237375369032,False,False,False
random_noise,2024,6,False,client_00,0.1808510638297872,0.1808510638297872,1.832315691270768,1.043143292326197,1.0,False,0.370724931234312,False,False,False
random_noise,2024,6,True,client_01,0.2194842037395228,0.2194842037395228,2.903776667746516,1.6531295168205158,0.8964188013880783,True,0.2240561216988935,False,False,False
random_noise,2024,6,False,client_02,0.2330883301096067,0.2330883301096067,1.756533071486973,1.0,1.0,False,0.5376861476909257,False,False,False
random_noise,2024,6,False,client_03,0.185892972275951,0.185892972275951,1.6452506489379868,0.9366465543089484,1.0,False,0.5869979087001341,False,False,False
random_noise,2024,6,False,client_04,0.1806834300451321,0.1806834300451321,1.548157662498862,0.8813712008213355,1.0,False,0.6810741089529332,False,False,False
random_noise,2024,7,False,client_00,0.1808510638297872,0.1808510638297872,1.7786309232008717,1.0730447965550622,1.0,False,0.3612535706411718,False,False,False
random_noise,2024,7,True,client_01,0.2194842037395228,0.2194842037395228,2.8792825593835896,1.737065924052517,0.9040446522057436,True,0.2472328995650624,False,False,False
random_noise,2024,7,False,client_02,0.2330883301096067,0.2330883301096067,1.6575551448653827,1.0,1.0,False,0.5160670608123983,False,False,False
random_noise,2024,7,False,client_03,0.185892972275951,0.185892972275951,1.541097967233848,0.9297415968377978,1.0,False,0.584961585203198,False,False,False
random_noise,2024,7,False,client_04,0.1806834300451321,0.1806834300451321,1.4703545062653136,0.8870621956802092,1.0,False,0.686813833976672,False,False,False
random_noise,2024,8,False,client_00,0.1808510638297872,0.1808510638297872,1.7700197007847809,1.1316881180876874,1.0,False,0.3518753846124027,False,False,False
random_noise,2024,8,True,client_01,0.2194842037395228,0.2194842037395228,2.913901826379224,1.8630459721579915,0.8933039460819633,True,0.228279609328632,False,False,False
random_noise,2024,8,False,client_02,0.2330883301096067,0.2330883301096067,1.5640525622693098,1.0,1.0,False,0.5219853481923749,False,False,False
random_noise,2024,8,False,client_03,0.185892972275951,0.185892972275951,1.478611037056553,0.9453717047150972,1.0,False,0.5866285444968391,False,False,False
random_noise,2024,8,False,client_04,0.1806834300451321,0.1806834300451321,1.47275541357931,0.9416278257569968,1.0,False,0.6801799750152976,False,False,False
random_noise,2024,9,False,client_00,0.1808510638297872,0.1808510638297872,1.724452033576098,1.0958845864320057,1.0,False,0.3508678980496371,False,False,False
random_noise,2024,9,True,client_01,0.2194842037395228,0.2194842037395228,2.929719134891643,1.861828557703968,0.8884810728098251,True,0.2468336381131537,False,False,False
random_noise,2024,9,False,client_02,0.2330883301096067,0.2330883301096067,1.5735708439796476,1.0,1.0,False,0.5007903867276019,False,False,False
random_noise,2024,9,False,client_03,0.185892972275951,0.185892972275951,1.484732975525947,0.943543775741914,1.0,False,0.5661901117489018,False,False,False
random_noise,2024,9,False,client_04,0.1806834300451321,0.1806834300451321,1.4414848943990055,0.9160597375796636,1.0,False,0.6849921514375409,False,False,False
random_noise,2024,10,False,client_00,0.1808510638297872,0.1808510638297872,1.7013299229246353,1.1346046404350136,1.0,False,0.3488147667566716,False,False,False
random_noise,2024,10,True,client_01,0.2194842037395228,0.2194842037395228,2.8764613785229223,1.9182913226459344,0.9049313227131364,True,0.2667649762606209,False,False,False
random_noise,2024,10,False,client_02,0.2330883301096067,0.2330883301096067,1.4994914195594475,1.0,1.0,False,0.5048028790266288,False,False,False
random_noise,2024,10,False,client_03,0.185892972275951,0.185892972275951,1.4861714318827115,0.9911169964009202,1.0,False,0.5940356447819721,False,False,False
random_noise,2024,10,False,client_04,0.1806834300451321,0.1806834300451321,1.363934478136947,0.9095980546108576,1.0,False,0.6814107290854827,False,False,False
random_noise,2024,11,False,client_00,0.1808510638297872,0.1808510638297872,1.664540791641359,1.0931761989875957,1.0,False,0.3429589568571415,False,False,False
random_noise,2024,11,True,client_01,0.2194842037395228,0.2194842037395228,2.907403346181355,1.909417993756891,0.895300613662303,True,0.2374128934720639,False,False,False
random_noise,2024,11,False,client_02,0.2330883301096067,0.2330883301096067,1.5046773106431488,0.9881869110157316,1.0,False,0.466925749854959,False,False,False
random_noise,2024,11,False,client_03,0.185892972275951,0.185892972275951,1.5226646840490228,1.0,1.0,False,0.6195280281043348,False,False,False
random_noise,2024,11,False,client_04,0.1806834300451321,0.1806834300451321,1.328216820009786,0.8722976463063641,1.0,False,0.673250171569497,False,False,False
random_noise,2024,12,False,client_00,0.1808510638297872,0.1808510638297872,1.6692712291025005,1.1197744306096955,1.0,False,0.3576175829570339,False,False,False
random_noise,2024,12,True,client_01,0.2194842037395228,0.2194842037395228,2.7274279218483684,1.82960323940814,0.9543790247024956,True,0.2525692055111189,False,False,False
random_noise,2024,12,False,client_02,0.2330883301096067,0.2330883301096067,1.4907209733246136,1.0,1.0,False,0.4817787042643957,False,False,False
random_noise,2024,12,False,client_03,0.185892972275951,0.185892972275951,1.4679412962499048,0.9847190202040926,1.0,False,0.5508154191908309,False,False,False
random_noise,2024,12,False,client_04,0.1806834300451321,0.1806834300451321,1.3231371951749002,0.8875820618690518,1.0,False,0.6562048407411663,False,False,False
random_noise,2024,13,False,client_00,0.1808510638297872,0.1808510638297872,1.640228856330025,1.0873850564292071,1.0,False,0.3322080471316793,False,False,False
random_noise,2024,13,True,client_01,0.2194842037395228,0.2194842037395228,2.738219715837918,1.815294974680588,0.9506176531211852,True,0.2390230457723871,False,False,False
random_noise,2024,13,False,client_02,0.2330883301096067,0.2330883301096067,1.445749470805766,0.9584555007842822,1.0,False,0.4931034558693917,False,False,False
random_noise,2024,13,False,client_03,0.185892972275951,0.185892972275951,1.5084158519855564,1.0,1.0,False,0.6022446802143634,False,False,False
random_noise,2024,13,False,client_04,0.1806834300451321,0.1806834300451321,1.3021727878601332,0.8632717470756214,1.0,False,0.6839345713709375,False,False,False
random_noise,2024,14,False,client_00,0.1808510638297872,0.1808510638297872,1.6133704498126713,1.1118051395432045,1.0,False,0.3017064029532861,False,False,False
random_noise,2024,14,True,client_01,0.2194842037395228,0.2194842037395228,2.7805665365017203,1.916142796890453,0.9361401591471644,True,0.2501226200502246,False,False,False
random_noise,2024,14,False,client_02,0.2330883301096067,0.2330883301096067,1.4364935927652989,0.9899158370867532,1.0,False,0.4741654323926095,False,False,False
random_noise,2024,14,False,client_03,0.185892972275951,0.185892972275951,1.4511269937783695,1.0,1.0,False,0.5959588043580555,False,False,False
random_noise,2024,14,False,client_04,0.1806834300451321,0.1806834300451321,1.2046590180763035,0.830154096258436,1.0,False,0.6457289611552273,False,False,False
random_noise,2024,15,False,client_00,0.1808510638297872,0.1808510638297872,1.616116009363212,1.1124749213350984,1.0,False,0.349422641895396,False,False,False
random_noise,2024,15,True,client_01,0.2194842037395228,0.2194842037395228,2.8082662765493187,1.9331073926575315,0.926906405470374,True,0.2776558906855875,False,False,False
random_noise,2024,15,False,client_02,0.2330883301096067,0.2330883301096067,1.45272129588655,1.0,1.0,False,0.4634148245290169,False,False,False
random_noise,2024,15,False,client_03,0.185892972275951,0.185892972275951,1.4334695068788543,0.9867477753219368,1.0,False,0.6022784521505453,False,False,False
random_noise,2024,15,False,client_04,0.1806834300451321,0.1806834300451321,1.2050061728636676,0.829482004755971,1.0,False,0.6683510779179381,False,False,False
random_noise,2024,16,False,client_00,0.1808510638297872,0.1808510638297872,1.6185638204456043,1.127765073736822,1.0,False,0.3388663677585758,False,False,False
random_noise,2024,16,True,client_01,0.2194842037395228,0.2194842037395228,2.758396672008125,1.921965255189141,0.9436641315641542,True,0.2383037042566592,False,False,False
random_noise,2024,16,False,client_02,0.2330883301096067,0.2330883301096067,1.4255704042497828,0.993293246616109,1.0,False,0.4462417648952463,False,False,False
random_noise,2024,16,False,client_03,0.185892972275951,0.185892972275951,1.4351959092708315,1.0,1.0,False,0.6026300207266151,False,False,False
random_noise,2024,16,False,client_04,0.1806834300451321,0.1806834300451321,1.232367985669658,0.8586757931157827,1.0,False,0.6590029647409409,False,False,False
random_noise,2024,17,False,client_00,0.1808510638297872,0.1808510638297872,1.578979664002051,1.0768097026296162,1.0,False,0.3361274095862824,False,False,False
random_noise,2024,17,True,client_01,0.2194842037395228,0.2194842037395228,2.7220992266994832,1.8563778404854565,0.9562472868250692,True,0.2326882563949055,False,False,False
random_noise,2024,17,False,client_02,0.2330883301096067,0.2330883301096067,1.4663497739165183,1.0,1.0,False,0.4894308235468338,False,False,False
random_noise,2024,17,False,client_03,0.185892972275951,0.185892972275951,1.437792046375853,0.9805246142164362,1.0,False,0.5856224973125272,False,False,False
random_noise,2024,17,False,client_04,0.1806834300451321,0.1806834300451321,1.1959299561508978,0.8155830057903934,1.0,False,0.659130489533349,False,False,False
random_noise,2024,18,False,client_00,0.1808510638297872,0.1808510638297872,1.5648141024846622,1.050218944883019,1.0,False,0.3379695921364732,False,False,False
random_noise,2024,18,True,client_01,0.2194842037395228,0.2194842037395228,2.7559467192807263,1.8496430030129996,0.9445030202468342,True,0.2611742038413697,False,False,False
random_noise,2024,18,False,client_02,0.2330883301096067,0.2330883301096067,1.4285852576822815,0.9587894815213216,1.0,False,0.4451087529148265,False,False,False
random_noise,2024,18,False,client_03,0.185892972275951,0.185892972275951,1.48998845441601,1.0,1.0,False,0.6176492851958946,False,False,False
random_noise,2024,18,False,client_04,0.1806834300451321,0.1806834300451321,1.1988029684335455,0.8045719850248153,1.0,False,0.6378498090795723,False,False,False
random_noise,2024,19,False,client_00,0.1808510638297872,0.1808510638297872,1.5661939610647562,1.092074975024612,1.0,False,0.3323447458336059,False,False,False
random_noise,2024,19,True,client_01,0.2194842037395228,0.2194842037395228,2.840621178490039,1.980706974789331,0.91634886753314,True,0.2469770199831009,False,False,False
random_noise,2024,19,False,client_02,0.2330883301096067,0.2330883301096067,1.4317992393374446,0.9983642878284906,1.0,False,0.463649682259116,False,False,False
random_noise,2024,19,False,client_03,0.185892972275951,0.185892972275951,1.434145087913455,1.0,1.0,False,0.6082770177700301,False,False,False
random_noise,2024,19,False,client_04,0.1806834300451321,0.1806834300451321,1.1569413259113073,0.8067114936010743,1.0,False,0.6520017721942389,False,False,False
random_noise,2024,20,False,client_00,0.1808510638297872,0.2317071155974822,1.5386060431863022,1.1146130025573688,1.0,False,0.3207151483101454,False,False,False
random_noise,2024,20,True,client_01,0.2194842037395228,0.0,2.853582043203537,2.0672216018546847,0.9121868446711192,True,0.2607674245865997,False,True,True
random_noise,2024,20,False,client_02,0.2330883301096067,0.2986337127657816,1.3518179901766476,0.979298057234665,1.0,False,0.4525458413717109,False,False,False
random_noise,2024,20,False,client_03,0.185892972275951,0.2381668291232301,1.3803948452567156,1.0,1.0,False,0.5785568547196294,False,False,False
random_noise,2024,20,False,client_04,0.1806834300451321,0.2314923425135059,1.150043717693673,0.8331266388348447,1.0,False,0.6489922077801487,False,False,False
